dates,Norway,Algeria,Russia,Azerbaijan,Libya,UK net flows,LNG,EU total,Nord Stream,Ukraine Gas Transit,"Yamal (BY,PL)",Turkstream
8/1/2018,263,76,578,0,14,45,115,1092,174,274,110,
8/2/2018,263,75,571,0,13,47,123,1091,171,270,110,
8/3/2018,251,74,573,0,11,40,125,1074,170,271,110,
8/4/2018,257,71,563,0,12,36,94,1033,171,260,110,
8/5/2018,254,70,566,0,12,34,83,1018,170,264,110,
8/6/2018,253,73,532,0,16,30,110,1013,170,243,97,
8/7/2018,250,74,500,0,13,46,116,998,170,214,96,
8/8/2018,260,71,506,0,12,45,112,1005,170,220,96,
8/9/2018,253,68,498,0,12,48,109,987,171,211,96,
8/10/2018,256,72,508,0,12,55,119,1021,170,222,96,
8/11/2018,250,67,510,0,12,53,91,983,171,224,96,
8/12/2018,250,66,510,0,12,54,85,977,169,212,110,
8/13/2018,250,71,506,0,12,57,120,1015,171,205,111,
8/14/2018,254,72,511,0,10,40,113,999,170,211,111,
8/15/2018,251,71,515,0,13,54,88,991,171,213,111,
8/16/2018,261,73,526,0,14,59,105,1037,169,224,111,
8/17/2018,255,72,521,0,13,56,110,1026,171,218,111,
8/18/2018,251,67,542,0,12,43,84,999,170,240,111,
8/19/2018,253,64,551,0,11,49,82,1011,171,248,111,
8/20/2018,257,72,521,0,13,48,111,1021,170,220,111,
8/21/2018,261,75,533,0,16,53,124,1062,170,230,111,
8/22/2018,252,77,521,0,14,54,140,1058,171,217,111,
8/23/2018,250,76,523,0,14,54,133,1050,171,219,111,
8/24/2018,253,71,493,0,14,50,126,1007,170,189,111,
8/25/2018,247,61,509,0,12,38,118,985,171,207,111,
8/26/2018,246,65,519,0,12,33,106,980,171,216,111,
8/27/2018,247,72,519,0,15,36,118,1008,171,216,111,
8/28/2018,241,74,538,0,15,48,121,1037,171,234,111,
8/29/2018,241,75,550,0,15,52,131,1063,171,245,111,
8/30/2018,242,74,550,0,16,48,130,1060,171,245,111,
8/31/2018,237,74,538,0,15,50,117,1030,170,233,111,
9/1/2018,230,71,541,0,12,37,83,973,171,235,111,
9/2/2018,234,65,549,0,12,33,82,975,170,244,111,
9/3/2018,253,48,525,0,11,39,115,990,171,222,111,
9/4/2018,257,77,515,0,13,37,112,1010,171,211,111,
9/5/2018,255,77,512,0,14,38,116,1011,170,208,111,
9/6/2018,255,80,526,0,17,37,110,1025,171,222,111,
9/7/2018,258,76,524,0,22,26,108,1014,171,219,111,
9/8/2018,233,72,534,0,25,24,87,974,163,237,111,
9/9/2018,225,70,554,0,25,23,80,977,162,258,111,
9/10/2018,233,76,559,0,25,42,99,1032,166,258,111,
9/11/2018,231,75,557,0,19,39,83,1005,171,253,111,
9/12/2018,215,77,601,0,19,54,89,1054,171,297,111,
9/13/2018,247,75,556,0,19,51,109,1058,170,251,111,
9/14/2018,245,78,564,0,18,44,107,1056,171,259,111,
9/15/2018,251,78,567,0,14,30,80,1020,170,263,111,
9/16/2018,256,72,522,0,14,28,73,965,171,217,111,
9/17/2018,252,77,554,0,14,33,101,1032,170,249,111,
9/18/2018,254,74,551,0,17,49,110,1054,171,247,111,
9/19/2018,251,77,552,0,14,44,104,1043,170,247,111,
9/20/2018,246,76,552,0,17,45,107,1043,170,248,111,
9/21/2018,243,76,547,0,17,30,112,1025,170,243,111,
9/22/2018,233,73,542,0,19,27,94,986,171,237,111,
9/23/2018,242,70,529,0,16,23,83,963,170,225,111,
9/24/2018,256,75,528,0,16,26,103,1003,170,225,111,
9/25/2018,259,91,530,0,15,22,132,1048,170,227,111,
9/26/2018,206,96,538,0,19,30,126,1015,171,234,111,
9/27/2018,202,96,544,0,19,23,134,1017,170,240,111,
9/28/2018,238,93,545,0,23,20,147,1066,170,239,111,
9/29/2018,251,89,547,0,19,19,108,1034,171,241,111,
9/30/2018,248,86,547,0,19,18,105,1023,170,242,111,
10/1/2018,230,94,515,0,23,10,117,988,171,219,107,
10/2/2018,262,94,513,0,20,9,135,1033,169,220,106,
10/3/2018,262,96,502,0,18,12,143,1033,170,205,108,
10/4/2018,261,93,506,0,21,11,164,1056,171,208,107,
10/5/2018,263,94,487,0,21,10,160,1035,171,188,107,
10/6/2018,249,89,496,0,16,7,132,989,170,198,107,
10/7/2018,251,87,493,0,15,3,117,965,170,195,107,
10/8/2018,252,95,478,0,20,5,171,1021,171,179,107,
10/9/2018,266,94,493,0,19,7,174,1053,170,194,107,
10/10/2018,267,93,503,0,16,7,182,1066,170,207,105,
10/11/2018,267,93,515,0,16,9,179,1079,170,221,104,
10/12/2018,266,92,532,0,18,6,167,1081,170,238,104,
10/13/2018,242,89,531,0,14,9,158,1043,170,237,104,
10/14/2018,239,88,522,0,15,8,146,1018,170,228,104,
10/15/2018,246,96,506,0,16,5,212,1081,171,214,102,
10/16/2018,231,97,499,0,21,11,224,1082,170,210,101,
10/17/2018,226,99,497,0,19,13,221,1075,171,215,92,
10/18/2018,255,96,510,0,17,14,206,1098,171,218,101,
10/19/2018,238,93,523,0,18,13,211,1095,170,233,102,
10/20/2018,241,90,512,0,14,10,184,1052,171,222,102,
10/21/2018,243,89,511,0,14,8,178,1043,170,221,102,
10/22/2018,243,101,510,0,17,11,216,1098,170,217,106,
10/23/2018,254,100,501,0,16,11,226,1109,171,209,104,
10/24/2018,269,102,501,0,19,10,217,1118,170,208,104,
10/25/2018,244,100,502,0,19,12,197,1073,170,209,104,
10/26/2018,250,99,500,0,19,8,204,1079,171,209,104,
10/27/2018,238,89,520,0,16,5,179,1048,177,218,109,
10/28/2018,229,91,500,0,15,6,170,1010,171,209,104,
10/29/2018,239,102,500,0,17,7,209,1074,170,209,104,
10/30/2018,238,104,489,0,19,12,211,1072,170,197,104,
10/31/2018,239,107,490,0,19,4,210,1068,171,197,104,
11/1/2018,227,101,484,0,15,1,219,1046,170,197,102,
11/2/2018,220,104,483,0,17,7,238,1069,170,198,102,
11/3/2018,226,95,466,0,15,6,211,1019,171,181,102,
11/4/2018,227,91,472,0,16,10,194,1011,171,187,102,
11/5/2018,225,104,483,0,18,9,224,1064,170,198,102,
11/6/2018,253,97,492,0,17,10,222,1092,170,206,102,
11/7/2018,238,98,504,0,17,10,230,1097,170,220,102,
11/8/2018,179,99,521,0,17,8,223,1047,170,234,102,
11/9/2018,232,104,524,0,15,10,199,1085,170,239,102,
11/10/2018,239,82,495,0,14,12,166,1009,171,210,102,
11/11/2018,241,71,489,0,18,11,173,1002,170,203,103,
11/12/2018,239,96,511,0,14,15,200,1075,170,222,104,
11/13/2018,251,105,526,0,16,11,190,1100,170,239,104,
11/14/2018,257,105,543,0,19,10,199,1131,171,255,104,
11/15/2018,258,105,541,0,17,10,187,1117,170,251,107,
11/16/2018,246,103,521,0,19,9,176,1074,154,248,107,
11/17/2018,249,92,482,0,15,8,153,1000,115,246,107,
11/18/2018,244,94,535,0,14,9,152,1048,175,238,107,
11/19/2018,226,109,543,0,15,10,217,1121,173,245,107,
11/20/2018,239,113,555,0,15,2,222,1146,173,257,107,
11/21/2018,231,110,540,0,15,4,219,1118,173,239,107,
11/22/2018,216,112,540,0,14,-2,208,1089,173,243,107,
11/23/2018,219,108,541,0,15,1,212,1096,172,245,108,
11/24/2018,229,98,529,0,13,-1,205,1072,173,234,107,
11/25/2018,230,90,526,0,13,-2,183,1039,173,228,107,
11/26/2018,221,107,541,0,16,8,207,1100,172,245,107,
11/27/2018,254,107,508,0,16,14,228,1127,148,240,107,
11/28/2018,264,107,554,0,14,14,228,1182,173,263,107,
11/29/2018,268,105,551,0,10,13,228,1175,172,260,108,
11/30/2018,267,106,532,0,14,18,220,1158,172,240,108,
12/1/2018,253,95,531,0,15,10,169,1074,172,235,108,
12/2/2018,253,93,528,0,13,9,159,1055,173,231,107,
12/3/2018,248,106,514,0,14,12,195,1090,173,220,107,
12/4/2018,221,109,525,0,12,15,202,1084,170,233,107,
12/5/2018,223,106,539,0,15,14,210,1106,172,244,107,
12/6/2018,227,97,557,0,14,4,192,1092,173,260,107,
12/7/2018,220,96,547,0,15,5,180,1063,172,251,107,
12/8/2018,176,79,530,0,11,4,170,970,171,238,104,
12/9/2018,219,80,505,0,11,5,150,970,172,213,104,
12/10/2018,224,103,538,0,13,-3,192,1066,173,243,104,
12/11/2018,228,106,538,0,13,0,212,1097,173,243,104,
12/12/2018,236,107,535,0,13,1,206,1097,173,240,104,
12/13/2018,236,107,539,0,14,-6,209,1100,171,245,104,
12/14/2018,247,109,540,0,12,-22,217,1104,171,246,104,
12/15/2018,228,94,536,0,14,-18,180,1034,171,243,104,
12/16/2018,232,97,522,0,12,-7,151,1008,171,230,104,
12/17/2018,239,108,513,0,16,-10,205,1072,171,215,106,
12/18/2018,241,112,537,0,10,-18,175,1057,171,239,107,
12/19/2018,224,111,539,0,14,-4,188,1072,171,241,107,
12/20/2018,216,108,551,0,15,-15,193,1067,171,254,106,
12/21/2018,219,107,539,0,16,-19,182,1043,171,247,105,
12/22/2018,224,101,526,0,14,-10,145,998,170,233,104,
12/23/2018,217,96,511,0,14,-21,127,944,171,221,104,
12/24/2018,231,99,508,0,15,-23,129,960,170,217,104,
12/25/2018,243,98,518,0,15,-27,162,1008,171,226,104,
12/26/2018,246,99,517,0,15,-12,164,1028,170,228,104,
12/27/2018,238,103,532,0,17,-11,178,1056,171,239,104,
12/28/2018,235,100,525,0,15,8,199,1081,171,233,104,
12/29/2018,225,96,529,0,13,6,184,1053,171,238,104,
12/30/2018,247,96,528,0,13,5,192,1080,171,238,104,
12/31/2018,244,94,533,0,16,7,207,1101,174,248,98,
1/1/2019,237,103,486,0,15,-7,173,1006,171,197,108,
1/2/2019,229,109,510,0,15,-24,199,1038,170,213,108,
1/3/2019,232,106,545,0,16,-24,208,1083,171,245,109,
1/4/2019,229,107,555,0,14,-25,215,1095,171,255,109,
1/5/2019,235,103,536,0,13,-34,206,1059,171,242,109,
1/6/2019,233,104,523,0,13,-27,180,1026,171,231,109,
1/7/2019,231,113,555,0,17,-15,243,1144,171,263,109,
1/8/2019,243,114,568,0,16,-5,244,1179,171,273,109,
1/9/2019,225,115,569,0,15,-10,239,1152,170,277,109,
1/10/2019,234,115,554,0,16,3,229,1150,171,254,109,
1/11/2019,238,115,550,0,15,9,237,1163,170,246,109,
1/12/2019,245,106,533,0,14,-11,207,1093,171,235,109,
1/13/2019,239,103,524,0,14,-8,187,1058,170,227,109,
1/14/2019,242,108,544,0,16,-21,217,1106,171,246,109,
1/15/2019,237,106,549,0,16,-4,214,1117,171,249,109,
1/16/2019,238,106,548,0,11,-32,218,1087,170,252,107,
1/17/2019,228,106,553,0,14,-37,205,1069,171,257,106,
1/18/2019,230,110,543,0,15,-44,196,1050,171,246,106,
1/19/2019,233,111,529,0,13,-43,172,1015,170,233,106,
1/20/2019,234,105,529,0,13,-43,152,990,170,233,106,
1/21/2019,239,116,540,0,16,-37,218,1091,171,241,106,
1/22/2019,246,107,533,0,16,-35,215,1081,170,235,107,
1/23/2019,250,113,536,0,15,-43,215,1086,170,238,107,
1/24/2019,252,112,548,0,13,-52,225,1098,171,247,107,
1/25/2019,248,109,539,0,15,-36,193,1067,171,238,106,
1/26/2019,256,106,517,0,10,-23,158,1023,170,217,106,
1/27/2019,254,103,517,0,12,-35,134,985,170,217,106,
1/28/2019,251,106,503,0,13,-45,208,1036,171,204,106,
1/29/2019,256,105,521,0,13,-56,219,1058,170,224,106,
1/30/2019,261,106,524,0,13,-46,215,1073,171,225,106,
1/31/2019,266,104,520,0,13,-46,208,1064,171,223,106,
2/1/2019,266,101,537,0,13,-36,187,1068,170,239,107,
2/2/2019,259,83,540,0,13,-34,168,1028,171,243,107,
2/3/2019,252,81,538,0,15,-41,158,1004,171,241,107,
2/4/2019,254,96,546,0,15,-18,208,1102,170,247,107,
2/5/2019,254,97,523,0,16,1,198,1089,170,226,108,
2/6/2019,261,98,528,0,16,-6,189,1085,171,235,107,
2/7/2019,261,95,530,0,16,-4,180,1078,170,239,107,
2/8/2019,249,94,529,0,15,-5,182,1064,171,234,107,
2/9/2019,243,77,515,0,13,-14,161,995,171,219,107,
2/10/2019,242,70,510,0,14,-12,143,966,171,212,107,
2/11/2019,242,89,514,0,14,-9,209,1059,170,220,107,
2/12/2019,251,85,538,0,14,12,234,1134,171,245,107,
2/13/2019,248,79,532,0,13,8,228,1107,171,232,107,
2/14/2019,256,73,521,0,13,11,235,1109,170,226,107,
2/15/2019,269,66,517,0,14,10,212,1088,171,223,107,
2/16/2019,263,59,507,0,14,7,194,1043,170,213,107,
2/17/2019,265,62,508,0,14,5,173,1027,171,214,107,
2/18/2019,267,64,519,0,16,9,219,1094,170,224,107,
2/19/2019,264,64,518,0,16,12,225,1098,171,221,107,
2/20/2019,262,58,515,0,17,9,226,1087,171,219,107,
2/21/2019,269,80,506,0,14,9,228,1107,170,209,107,
2/22/2019,256,86,508,0,14,7,199,1069,170,208,107,
2/23/2019,251,79,501,0,13,5,206,1053,171,201,107,
2/24/2019,268,76,496,0,13,7,200,1061,171,199,107,
2/25/2019,268,84,484,0,16,2,246,1100,170,187,107,
2/26/2019,272,78,453,0,16,14,244,1077,171,158,107,
2/27/2019,272,75,452,0,16,16,230,1060,171,155,107,
2/28/2019,268,73,448,0,13,11,250,1063,170,152,107,
3/1/2019,233,72,498,0,13,16,267,1099,170,203,107,
3/2/2019,223,49,513,0,13,8,252,1058,171,217,107,
3/3/2019,203,33,518,0,13,14,221,1002,170,223,107,
3/4/2019,256,37,528,0,16,16,247,1100,170,234,107,
3/5/2019,273,36,537,0,15,14,256,1131,171,240,107,
3/6/2019,265,37,513,0,17,14,259,1104,171,222,107,
3/7/2019,272,39,516,0,17,15,258,1116,170,225,107,
3/8/2019,270,41,525,0,18,14,268,1136,171,232,107,
3/9/2019,271,32,511,0,15,15,230,1074,170,219,107,
3/10/2019,273,31,510,0,15,11,231,1071,170,218,107,
3/11/2019,273,41,523,0,18,14,267,1136,171,230,107,
3/12/2019,270,39,526,0,16,13,269,1132,170,231,107,
3/13/2019,273,41,533,0,15,13,258,1134,170,240,107,
3/14/2019,272,39,551,0,15,12,271,1161,170,259,107,
3/15/2019,271,40,556,0,17,14,274,1172,171,262,107,
3/16/2019,268,32,520,0,14,11,240,1085,170,228,107,
3/17/2019,268,30,516,0,14,12,231,1071,170,225,107,
3/18/2019,267,36,544,0,17,16,276,1156,171,251,107,
3/19/2019,272,38,519,0,18,17,275,1140,170,228,107,
3/20/2019,269,40,521,0,18,16,269,1133,171,230,107,
3/21/2019,273,40,524,0,17,13,258,1126,171,232,107,
3/22/2019,274,47,518,0,17,13,281,1149,171,226,107,
3/23/2019,265,32,503,0,15,14,274,1103,171,211,107,
3/24/2019,265,30,497,0,15,10,273,1089,170,204,107,
3/25/2019,260,37,511,0,16,16,297,1137,171,217,107,
3/26/2019,272,36,521,0,16,15,281,1141,170,228,107,
3/27/2019,275,38,519,0,17,16,299,1164,170,227,107,
3/28/2019,272,38,520,0,17,14,298,1159,171,227,107,
3/29/2019,273,38,528,0,18,16,281,1152,170,236,107,
3/30/2019,263,32,493,0,14,14,252,1067,163,215,103,
3/31/2019,275,30,500,0,13,14,250,1083,171,212,107,
4/1/2019,274,61,507,0,18,43,284,1187,170,216,110,
4/2/2019,273,59,534,0,15,45,299,1226,171,244,108,
4/3/2019,270,60,541,0,16,44,303,1234,170,256,106,
4/4/2019,268,63,515,0,14,50,322,1232,171,268,67,
4/5/2019,272,68,519,0,18,49,293,1219,170,276,64,
4/6/2019,274,54,518,0,16,45,272,1179,171,274,64,
4/7/2019,273,54,502,0,14,45,263,1152,170,259,64,
4/8/2019,266,64,516,0,19,45,289,1198,171,269,66,
4/9/2019,267,63,523,0,13,45,295,1206,170,277,66,
4/10/2019,271,69,540,0,9,47,272,1207,171,294,64,
4/11/2019,268,68,544,0,15,47,288,1229,171,298,64,
4/12/2019,273,65,540,0,19,44,302,1243,169,289,71,
4/13/2019,274,48,575,0,17,40,274,1229,172,286,107,
4/14/2019,275,49,568,0,17,39,251,1199,171,276,111,
4/15/2019,273,49,561,0,19,43,282,1228,170,270,110,
4/16/2019,272,53,566,0,17,47,291,1246,171,276,108,
4/17/2019,272,47,563,0,19,46,308,1256,170,275,108,
4/18/2019,271,46,569,0,16,47,328,1276,171,284,108,
4/19/2019,271,43,564,0,18,34,293,1223,170,279,108,
4/20/2019,273,38,550,0,16,37,270,1184,171,264,108,
4/21/2019,274,39,547,0,16,10,275,1161,170,261,108,
4/22/2019,272,44,555,0,16,7,276,1170,170,270,108,
4/23/2019,271,53,562,0,19,10,286,1201,171,277,108,
4/24/2019,271,48,567,0,19,10,286,1201,170,283,108,
4/25/2019,271,47,559,0,20,13,268,1177,171,275,108,
4/26/2019,271,51,565,0,20,12,288,1206,170,281,108,
4/27/2019,271,48,554,0,16,10,259,1159,170,269,108,
4/28/2019,274,46,553,0,17,15,255,1161,170,267,108,
4/29/2019,273,53,559,0,20,14,287,1205,171,274,108,
4/30/2019,273,52,568,0,20,14,290,1217,171,283,108,
5/1/2019,269,50,575,0,22,55,240,1211,171,280,110,
5/2/2019,259,56,578,0,21,56,260,1230,171,282,110,
5/3/2019,264,56,576,0,20,56,277,1248,170,287,110,
5/4/2019,266,49,586,0,20,56,263,1239,171,288,110,
5/5/2019,266,47,575,0,20,58,261,1226,170,287,110,
5/6/2019,266,62,584,0,20,59,287,1277,170,288,110,
5/7/2019,264,60,573,0,19,57,279,1251,171,284,110,
5/8/2019,264,58,572,0,19,57,258,1226,170,283,110,
5/9/2019,262,58,576,0,20,59,268,1243,168,281,110,
5/10/2019,251,59,577,0,20,43,275,1223,168,283,110,
5/11/2019,259,55,560,0,16,44,225,1160,170,264,110,
5/12/2019,262,50,554,0,16,40,205,1127,170,259,110,
5/13/2019,263,59,551,0,18,41,228,1160,171,263,110,
5/14/2019,264,61,566,0,14,50,240,1196,170,269,110,
5/15/2019,261,64,567,0,17,54,226,1188,171,270,110,
5/16/2019,261,61,575,0,18,55,244,1213,170,279,110,
5/17/2019,267,58,581,0,20,56,245,1225,171,285,110,
5/18/2019,266,50,567,0,16,58,223,1180,171,280,110,
5/19/2019,268,46,562,0,14,57,222,1168,170,276,110,
5/20/2019,270,65,567,0,20,59,271,1251,171,279,110,
5/21/2019,269,66,568,0,16,57,277,1254,170,272,110,
5/22/2019,269,68,565,0,18,57,276,1253,171,270,110,
5/23/2019,244,70,559,0,18,59,286,1235,171,273,110,
5/24/2019,268,66,558,0,19,56,265,1231,170,264,110,
5/25/2019,267,49,530,0,18,51,236,1151,170,236,110,
5/26/2019,265,46,534,0,18,49,220,1133,171,238,110,
5/27/2019,268,56,568,0,19,56,246,1212,171,273,110,
5/28/2019,269,58,547,0,18,58,252,1202,170,251,110,
5/29/2019,265,58,542,0,18,56,250,1190,171,255,110,
5/30/2019,259,57,562,0,19,54,250,1201,170,266,110,
5/31/2019,269,57,537,0,20,53,259,1196,171,241,110,
6/1/2019,251,48,552,0,16,43,248,1158,170,258,108,
6/2/2019,237,48,543,0,17,40,246,1130,171,249,108,
6/3/2019,233,59,545,0,20,41,265,1163,170,256,104,
6/4/2019,234,55,520,0,22,40,274,1146,170,241,93,
6/5/2019,233,56,511,0,21,49,275,1145,171,241,83,
6/6/2019,236,52,508,0,20,53,269,1138,171,246,76,
6/7/2019,234,53,514,0,20,45,285,1152,170,247,82,
6/8/2019,230,43,511,0,15,44,247,1090,170,239,86,
6/9/2019,232,37,504,0,14,48,241,1076,170,228,90,
6/10/2019,230,51,534,0,17,34,281,1146,171,254,95,
6/11/2019,233,52,546,0,15,46,290,1182,170,254,107,
6/12/2019,235,49,571,0,14,49,299,1216,171,276,109,
6/13/2019,233,52,559,0,9,53,277,1182,170,265,109,
6/14/2019,231,49,555,0,19,48,279,1181,171,261,109,
6/15/2019,229,42,527,0,15,52,243,1109,171,234,108,
6/16/2019,232,42,520,0,14,47,246,1100,171,232,102,
6/17/2019,185,57,566,0,16,68,283,1175,171,278,102,
6/18/2019,193,55,536,0,15,70,267,1137,170,247,104,
6/19/2019,190,59,550,0,16,65,266,1145,171,268,96,
6/20/2019,191,59,551,0,15,72,262,1150,170,274,92,
6/21/2019,190,58,526,0,15,59,285,1133,170,256,85,
6/22/2019,216,44,521,0,13,52,238,1084,171,230,107,
6/23/2019,219,39,522,0,13,49,235,1077,170,229,108,
6/24/2019,217,56,542,0,16,41,265,1137,171,248,109,
6/25/2019,238,57,550,0,14,32,236,1127,170,255,109,
6/26/2019,240,57,537,0,14,30,262,1140,171,258,93,
6/27/2019,236,58,540,0,16,35,270,1155,170,252,103,
6/28/2019,251,54,519,0,17,43,263,1146,171,232,100,
6/29/2019,243,44,498,0,15,51,240,1091,170,212,101,
6/30/2019,244,44,485,0,14,46,233,1067,171,201,98,
7/1/2019,242,52,515,0,17,44,243,1113,170,229,96,
7/2/2019,246,51,515,0,16,41,246,1115,171,228,95,
7/3/2019,247,55,508,0,16,38,226,1090,171,223,91,
7/4/2019,259,56,504,0,16,36,226,1096,168,223,89,
7/5/2019,258,57,516,0,15,40,239,1124,169,240,84,
7/6/2019,238,47,516,0,13,28,211,1053,170,236,87,
7/7/2019,246,46,504,0,13,27,203,1038,171,225,88,
7/8/2019,259,53,470,0,17,26,257,1080,170,269,17,
7/9/2019,263,53,467,0,16,34,248,1081,170,273,10,
7/10/2019,256,55,502,0,17,31,243,1103,171,251,67,
7/11/2019,251,57,492,0,19,33,229,1080,170,219,89,
7/12/2019,241,57,525,0,20,33,243,1119,171,237,104,
7/13/2019,228,42,531,0,17,25,215,1057,171,240,107,
7/14/2019,230,40,527,0,15,24,193,1029,170,235,108,
7/15/2019,244,57,529,0,17,33,233,1112,162,244,110,
7/16/2019,248,57,431,0,16,34,256,1043,0,307,111,
7/17/2019,242,48,434,0,17,27,258,1027,0,310,111,
7/18/2019,254,50,434,0,15,37,259,1047,0,310,111,
7/19/2019,259,50,434,0,15,38,247,1044,0,310,111,
7/20/2019,256,43,435,0,13,32,199,977,0,311,111,
7/21/2019,256,41,427,0,10,28,188,950,0,303,111,
7/22/2019,253,54,431,0,16,30,250,1034,0,307,111,
7/23/2019,253,56,428,0,14,30,272,1054,0,304,111,
7/24/2019,257,56,429,0,13,15,279,1048,0,305,111,
7/25/2019,250,56,427,0,14,17,287,1049,0,303,111,
7/26/2019,251,55,420,0,14,16,273,1029,0,296,111,
7/27/2019,234,43,428,0,11,18,263,998,65,239,111,
7/28/2019,235,41,447,0,11,18,233,984,90,233,110,
7/29/2019,253,48,480,0,17,22,253,1073,102,250,111,
7/30/2019,248,53,505,0,18,22,251,1097,123,254,110,
7/31/2019,247,45,484,0,18,18,256,1068,134,222,110,
8/1/2019,220,51,481,0,17,12,241,1021,168,215,82,
8/2/2019,225,53,484,0,17,13,236,1027,170,205,91,
8/3/2019,220,48,473,0,21,14,225,1001,171,213,72,
8/4/2019,218,46,464,0,23,14,194,960,171,212,64,
8/5/2019,199,47,486,0,23,14,230,998,170,236,63,
8/6/2019,233,51,481,0,20,20,231,1036,171,234,59,
8/7/2019,244,50,471,0,21,30,229,1045,170,222,61,
8/8/2019,249,46,468,0,20,31,233,1046,170,223,57,
8/9/2019,244,44,470,0,20,32,212,1023,171,213,69,
8/10/2019,235,45,450,0,20,25,176,951,170,193,69,
8/11/2019,235,45,443,0,17,29,165,934,170,185,69,
8/12/2019,253,41,450,0,20,25,200,991,170,194,68,
8/13/2019,240,44,449,0,20,21,208,981,170,190,72,
8/14/2019,244,44,455,0,17,17,204,981,171,185,81,
8/15/2019,231,43,446,0,16,24,178,938,171,180,77,
8/16/2019,229,44,448,0,16,27,196,959,171,181,76,
8/17/2019,231,42,435,0,15,21,189,933,170,172,74,
8/18/2019,231,41,438,0,14,22,178,924,170,174,73,
8/19/2019,245,42,452,0,16,29,219,1002,171,190,72,
8/20/2019,252,41,462,0,15,31,217,1019,170,198,74,
8/21/2019,245,43,470,0,14,34,237,1043,171,198,81,
8/22/2019,255,45,479,0,14,28,230,1051,170,211,77,
8/23/2019,236,45,489,0,15,17,211,1014,170,220,79,
8/24/2019,156,42,463,0,14,25,228,928,170,196,77,
8/25/2019,153,41,459,0,14,25,211,904,171,191,78,
8/26/2019,154,43,492,0,18,22,246,974,172,219,82,
8/27/2019,159,50,502,0,18,12,258,999,171,224,90,
8/28/2019,135,49,523,0,17,14,258,995,170,237,97,
8/29/2019,159,51,520,0,17,15,258,1020,171,226,104,
8/30/2019,144,49,515,0,16,27,259,1010,170,216,110,
8/31/2019,155,45,489,0,14,23,211,936,171,190,110,
9/1/2019,161,40,492,0,14,19,215,940,170,197,108,
9/2/2019,142,45,523,0,18,25,258,1010,171,228,109,
9/3/2019,139,48,523,0,14,37,266,1026,170,227,109,
9/4/2019,145,48,501,0,14,36,269,1013,171,205,108,
9/5/2019,143,47,494,0,14,39,249,986,170,199,109,
9/6/2019,137,43,494,0,13,39,220,947,171,199,109,
9/7/2019,122,40,491,0,13,32,190,888,170,201,105,
9/8/2019,116,36,481,0,13,30,197,872,171,194,102,
9/9/2019,152,54,524,0,17,34,219,998,171,237,102,
9/10/2019,164,52,535,0,16,28,205,1000,170,244,108,
9/11/2019,160,49,541,0,15,40,211,1016,171,248,108,
9/12/2019,162,48,536,0,16,43,220,1025,170,242,108,
9/13/2019,166,44,527,0,18,39,219,1011,170,233,109,
9/14/2019,164,39,499,0,14,16,172,904,153,222,109,
9/15/2019,162,35,504,0,13,18,173,905,153,226,109,
9/16/2019,172,51,522,0,17,25,228,1014,158,240,108,
9/17/2019,171,53,526,0,16,20,224,1010,160,242,108,
9/18/2019,160,50,528,0,15,29,220,1003,156,246,108,
9/19/2019,161,54,533,0,16,33,204,1000,160,246,108,
9/20/2019,162,54,520,0,17,29,197,980,162,232,108,
9/21/2019,165,41,496,0,14,31,157,904,161,208,108,
9/22/2019,164,41,495,0,11,27,156,893,161,208,108,
9/23/2019,158,51,528,0,16,31,181,966,160,245,105,
9/24/2019,152,53,537,0,16,32,186,976,160,254,105,
9/25/2019,109,55,533,0,18,41,208,962,163,246,105,
9/26/2019,147,58,530,0,16,42,191,985,164,243,105,
9/27/2019,156,56,525,0,15,42,184,977,165,236,104,
9/28/2019,163,46,490,0,14,35,171,919,160,202,105,
9/29/2019,189,44,488,0,14,35,157,928,161,199,105,
9/30/2019,194,51,500,0,18,30,219,1011,160,213,106,
10/1/2019,196,64,504,0,16,19,219,1017,164,219,109,
10/2/2019,185,63,512,0,15,20,218,1013,166,228,110,
10/3/2019,198,59,505,0,12,17,196,986,166,217,111,
10/4/2019,214,65,493,0,16,19,200,1007,163,211,111,
10/5/2019,243,60,492,0,19,17,171,1001,164,210,111,
10/6/2019,248,58,490,0,15,11,173,994,163,207,111,
10/7/2019,247,66,513,0,19,9,210,1064,164,225,111,
10/8/2019,210,66,516,0,19,10,207,1028,167,230,111,
10/9/2019,210,67,526,0,17,15,203,1037,168,236,110,
10/10/2019,217,66,518,0,18,11,211,1041,166,230,110,
10/11/2019,223,66,491,0,19,11,210,1019,166,206,110,
10/12/2019,209,56,471,0,18,15,172,940,162,189,110,
10/13/2019,210,52,476,0,13,15,175,941,162,196,110,
10/14/2019,214,60,484,0,17,16,226,1016,165,196,110,
10/15/2019,198,66,503,0,19,21,225,1031,164,217,110,
10/16/2019,246,64,508,0,17,16,232,1083,165,225,110,
10/17/2019,248,65,510,0,17,18,220,1078,165,227,110,
10/18/2019,235,65,509,0,17,16,218,1059,165,223,110,
10/19/2019,234,55,477,0,14,14,197,990,165,195,110,
10/20/2019,245,56,468,0,14,15,188,986,165,182,110,
10/21/2019,243,64,503,0,19,18,213,1059,165,216,110,
10/22/2019,252,64,519,0,17,23,211,1085,165,232,110,
10/23/2019,252,64,506,0,16,24,215,1077,165,224,110,
10/24/2019,230,64,496,0,16,19,215,1039,163,216,110,
10/25/2019,238,64,513,0,17,20,197,1049,167,229,110,
10/26/2019,217,57,509,0,13,15,197,1007,172,213,115,
10/27/2019,228,56,484,0,15,16,181,979,165,197,110,
10/28/2019,231,63,540,0,19,16,251,1121,166,249,110,
10/29/2019,257,66,565,0,19,15,252,1174,166,272,110,
10/30/2019,248,65,584,0,19,13,281,1209,170,287,110,
10/31/2019,251,66,581,0,19,33,277,1227,171,281,110,
11/1/2019,216,89,536,0,16,19,259,1134,167,248,110,
11/2/2019,212,63,493,0,18,12,245,1041,168,205,111,
11/3/2019,210,67,477,0,18,15,238,1025,168,191,111,
11/4/2019,208,67,508,0,19,16,290,1107,169,219,110,
11/5/2019,223,69,525,0,19,18,301,1156,168,238,111,
11/6/2019,242,71,551,0,18,19,315,1216,170,263,110,
11/7/2019,244,70,566,0,18,17,305,1219,170,277,111,
11/8/2019,230,68,561,0,19,17,321,1216,168,273,111,
11/9/2019,220,69,550,0,18,6,303,1166,170,261,110,
11/10/2019,228,69,541,0,18,9,303,1166,170,252,111,
11/11/2019,243,72,566,0,19,15,332,1247,171,278,110,
11/12/2019,249,76,569,0,17,16,336,1263,171,280,110,
11/13/2019,244,74,565,0,15,16,333,1246,171,276,110,
11/14/2019,245,70,566,0,17,11,338,1247,170,277,110,
11/15/2019,240,70,568,0,15,18,331,1242,170,279,110,
11/16/2019,228,64,556,0,14,13,287,1162,168,269,110,
11/17/2019,230,62,563,0,14,9,277,1156,168,275,111,
11/18/2019,239,65,575,0,19,16,323,1237,170,286,111,
11/19/2019,222,65,581,0,16,14,331,1228,170,292,110,
11/20/2019,229,66,584,0,16,17,333,1245,170,294,111,
11/21/2019,220,67,580,0,15,16,301,1200,171,290,111,
11/22/2019,224,65,582,0,16,8,276,1170,170,291,111,
11/23/2019,227,60,575,0,14,0,268,1144,170,283,111,
11/24/2019,232,58,575,0,14,-6,276,1148,171,283,111,
11/25/2019,236,65,586,0,18,11,324,1239,171,294,111,
11/26/2019,234,65,587,0,16,13,319,1235,170,294,111,
11/27/2019,241,63,586,0,15,11,294,1210,170,292,111,
11/28/2019,236,69,582,0,15,9,314,1224,171,290,111,
11/29/2019,228,71,578,0,16,-5,353,1241,171,287,111,
11/30/2019,241,67,556,0,16,0,313,1194,170,265,111,
12/1/2019,241,71,540,0,18,6,327,1203,167,252,111,
12/2/2019,239,81,571,0,17,12,345,1263,166,284,111,
12/3/2019,242,83,588,0,15,18,332,1278,168,300,111,
12/4/2019,244,89,595,0,16,17,326,1286,171,305,111,
12/5/2019,260,90,596,0,15,18,306,1286,171,303,111,
12/6/2019,257,90,583,0,16,32,293,1270,168,294,111,
12/7/2019,257,89,562,0,15,21,251,1196,171,270,111,
12/8/2019,253,89,551,0,15,20,250,1178,170,261,111,
12/9/2019,254,88,585,0,16,29,282,1255,171,294,111,
12/10/2019,258,90,584,0,15,11,279,1237,170,293,111,
12/11/2019,259,90,577,0,15,16,290,1247,169,286,111,
12/12/2019,258,91,575,0,13,14,255,1206,171,284,111,
12/13/2019,260,88,568,0,14,14,271,1216,171,277,111,
12/14/2019,240,89,546,0,13,16,256,1161,170,256,111,
12/15/2019,241,89,535,0,14,19,251,1149,171,245,111,
12/16/2019,246,89,549,0,16,21,289,1210,170,259,111,
12/17/2019,240,90,539,0,15,20,279,1182,171,249,111,
12/18/2019,233,90,529,0,15,15,279,1161,170,240,111,
12/19/2019,245,90,528,0,15,18,266,1161,170,238,111,
12/20/2019,230,89,522,0,16,15,225,1097,170,232,111,
12/21/2019,215,85,507,0,15,17,218,1056,171,218,111,
12/22/2019,220,88,504,0,15,14,218,1059,170,215,111,
12/23/2019,227,89,509,0,15,16,230,1086,171,219,111,
12/24/2019,223,87,524,0,16,16,209,1075,168,236,111,
12/25/2019,233,85,507,0,16,12,199,1052,170,217,111,
12/26/2019,239,88,515,0,15,12,214,1084,170,224,111,
12/27/2019,240,89,528,0,15,13,244,1129,170,237,111,
12/28/2019,244,86,530,0,15,19,225,1119,168,241,111,
12/29/2019,243,86,527,0,16,16,223,1110,168,239,111,
12/30/2019,250,90,524,0,16,27,246,1152,169,238,109,
12/31/2019,256,88,515,0,14,16,243,1132,171,230,107,
1/1/2020,253,61,341,0,14,17,277,963,171,40,93,24
1/2/2020,256,68,329,0,13,23,307,997,171,28,94,23
1/3/2020,263,67,340,0,15,36,313,1034,171,44,93,20
1/4/2020,264,63,325,0,14,25,274,964,168,32,87,25
1/5/2020,262,64,330,0,13,23,252,944,173,32,85,25
1/6/2020,262,65,342,0,13,27,265,974,171,52,82,23
1/7/2020,259,71,376,0,8,28,281,1022,170,83,84,25
1/8/2020,259,69,388,0,6,23,299,1044,171,99,89,15
1/9/2020,249,72,398,0,7,20,274,1019,171,108,88,16
1/10/2020,260,71,395,0,11,16,296,1047,170,107,85,16
1/11/2020,261,67,361,0,12,16,261,976,171,83,80,14
1/12/2020,255,65,352,0,12,13,278,974,171,69,85,14
1/13/2020,263,72,414,0,14,14,284,1061,170,117,97,16
1/14/2020,248,70,413,0,13,16,236,996,171,115,97,16
1/15/2020,249,71,388,0,13,15,237,973,173,91,95,16
1/16/2020,247,67,395,0,13,15,225,962,173,92,97,18
1/17/2020,240,66,377,0,15,18,225,941,176,71,97,18
1/18/2020,246,64,342,0,13,20,182,868,176,41,94,17
1/19/2020,242,57,335,0,14,18,199,865,178,36,93,14
1/20/2020,242,69,383,0,14,24,242,973,178,78,96,17
1/21/2020,246,70,410,0,14,20,261,1019,180,100,97,18
1/22/2020,247,70,414,0,14,21,271,1036,180,109,97,15
1/23/2020,247,71,404,0,13,20,274,1029,171,108,96,15
1/24/2020,249,69,393,0,13,19,274,1017,170,98,96,14
1/25/2020,238,65,350,0,13,15,260,941,171,65,86,13
1/26/2020,235,65,342,0,7,14,254,916,171,57,89,11
1/27/2020,230,71,343,0,12,14,272,942,170,56,88,14
1/28/2020,224,70,314,0,12,10,267,897,170,38,79,13
1/29/2020,227,64,319,0,15,12,250,887,171,47,76,11
1/30/2020,239,69,299,0,14,13,246,880,171,33,66,12
1/31/2020,239,67,294,0,13,11,250,873,171,32,67,11
2/1/2020,232,53,376,0,13,12,197,883,170,96,82,16
2/2/2020,230,49,370,0,11,11,200,870,171,90,83,13
2/3/2020,239,52,394,0,15,18,235,952,170,106,89,14
2/4/2020,237,52,414,0,13,18,242,976,171,124,89,14
2/5/2020,241,51,437,0,13,18,258,1017,170,142,90,19
2/6/2020,245,50,414,0,12,18,252,991,170,123,90,15
2/7/2020,256,49,432,0,12,14,291,1053,171,137,90,17
2/8/2020,260,46,411,0,11,13,249,989,171,119,90,17
2/9/2020,262,44,394,0,10,12,230,951,171,105,89,17
2/10/2020,258,47,397,0,11,20,255,988,170,108,90,17
2/11/2020,248,50,402,0,10,20,268,998,170,113,90,15
2/12/2020,260,48,411,0,11,20,272,1021,170,120,90,16
2/13/2020,259,49,426,0,11,21,257,1023,170,133,89,16
2/14/2020,261,48,412,0,12,28,264,1024,171,118,90,16
2/15/2020,259,46,400,0,13,12,230,961,171,112,90,13
2/16/2020,258,46,391,0,10,13,222,940,170,105,90,12
2/17/2020,260,48,403,0,14,15,283,1023,170,116,90,13
2/18/2020,256,50,415,0,13,16,291,1040,170,129,89,12
2/19/2020,251,49,427,0,11,12,297,1046,170,138,89,14
2/20/2020,256,49,423,0,11,15,306,1060,171,139,86,12
2/21/2020,253,49,428,0,12,13,302,1057,171,144,86,12
2/22/2020,235,45,423,0,14,13,274,1005,170,139,86,13
2/23/2020,239,46,416,0,10,15,256,981,170,134,86,10
2/24/2020,255,46,419,0,14,6,308,1048,170,137,86,11
2/25/2020,235,46,419,0,13,7,272,992,170,136,85,11
2/26/2020,233,45,403,0,12,4,280,977,170,118,89,10
2/27/2020,218,46,427,0,14,-7,300,997,171,139,89,11
2/28/2020,217,44,428,0,13,6,294,1002,170,141,89,11
2/29/2020,223,36,424,0,12,9,254,958,171,140,88,12
3/1/2020,221,24,414,0,10,11,251,930,171,140,77,12
3/2/2020,224,24,415,0,15,17,292,987,171,138,77,12
3/3/2020,233,38,430,0,14,21,292,1028,171,139,95,11
3/4/2020,222,28,437,0,14,19,271,991,171,141,97,11
3/5/2020,225,25,433,0,15,22,295,1014,170,140,95,12
3/6/2020,225,28,430,0,14,13,314,1023,171,146,86,12
3/7/2020,233,28,427,0,13,12,281,994,170,144,87,11
3/8/2020,239,28,428,0,10,13,269,986,171,145,87,12
3/9/2020,245,29,437,0,14,19,312,1055,171,146,90,17
3/10/2020,246,25,438,0,15,24,307,1054,171,144,91,19
3/11/2020,249,24,436,0,14,23,304,1050,171,144,90,18
3/12/2020,246,24,424,0,13,23,290,1021,171,142,83,13
3/13/2020,247,25,423,0,14,22,277,1009,170,143,83,13
3/14/2020,247,29,425,0,12,14,263,989,170,143,86,11
3/15/2020,246,20,428,0,11,15,254,974,171,143,86,14
3/16/2020,248,18,432,0,16,24,300,1037,171,144,89,14
3/17/2020,255,20,431,0,16,29,282,1032,171,147,86,14
3/18/2020,245,22,425,0,15,23,278,1007,171,146,80,16
3/19/2020,227,17,427,0,14,19,300,1004,170,146,77,16
3/20/2020,227,23,415,0,14,10,298,987,171,138,77,15
3/21/2020,245,21,420,0,10,9,293,999,171,140,77,14
3/22/2020,245,22,424,0,15,8,281,995,171,144,77,14
3/23/2020,251,17,432,0,16,11,302,1029,170,147,77,17
3/24/2020,252,25,430,0,15,20,269,1012,170,148,77,16
3/25/2020,240,22,429,0,15,27,263,995,170,146,76,17
3/26/2020,244,21,426,0,9,18,262,980,170,143,77,19
3/27/2020,259,22,419,0,9,27,265,1001,168,140,76,16
3/28/2020,247,20,394,0,9,23,239,931,164,125,73,14
3/29/2020,259,21,423,0,9,25,261,997,174,139,76,14
3/30/2020,257,20,409,0,11,30,291,1018,171,130,77,12
3/31/2020,255,22,425,0,15,31,284,1033,170,139,77,14
4/1/2020,262,29,452,0,16,38,296,1093,171,148,90,18
4/2/2020,261,32,464,0,16,36,288,1097,170,147,100,21
4/3/2020,260,34,438,0,17,36,278,1063,171,136,90,16
4/4/2020,259,33,447,0,15,33,267,1053,171,143,94,15
4/5/2020,258,33,436,0,14,30,259,1030,170,143,85,14
4/6/2020,261,31,443,0,16,34,278,1063,170,143,95,16
4/7/2020,261,32,450,0,15,36,260,1054,171,144,103,17
4/8/2020,259,33,433,0,18,37,278,1059,170,140,93,15
4/9/2020,259,34,433,0,22,41,263,1053,170,146,88,14
4/10/2020,255,32,416,0,26,46,266,1041,170,144,74,12
4/11/2020,246,32,414,0,23,43,258,1016,171,144,73,12
4/12/2020,246,32,411,0,19,43,253,1005,171,141,73,12
4/13/2020,255,33,414,0,21,41,272,1035,171,138,77,12
4/14/2020,259,33,441,0,21,46,291,1091,171,146,94,12
4/15/2020,259,32,442,0,22,44,288,1087,171,140,99,13
4/16/2020,259,32,443,0,22,45,286,1088,170,146,95,12
4/17/2020,261,31,421,0,22,46,278,1058,171,134,85,12
4/18/2020,260,31,427,0,19,46,273,1057,171,144,83,12
4/19/2020,261,30,423,0,17,42,269,1043,171,143,82,11
4/20/2020,260,32,422,0,17,43,300,1074,171,145,79,12
4/21/2020,256,32,432,0,17,56,304,1098,170,146,84,13
4/22/2020,253,32,430,0,19,66,307,1106,170,145,86,12
4/23/2020,260,32,413,0,19,51,307,1082,170,136,84,12
4/24/2020,259,32,403,0,19,49,305,1067,171,127,79,12
4/25/2020,249,32,411,0,16,47,268,1023,170,132,84,11
4/26/2020,253,32,415,0,16,47,265,1028,171,136,84,10
4/27/2020,260,32,412,0,19,47,302,1072,171,139,75,11
4/28/2020,262,33,418,0,17,41,290,1061,171,144,81,11
4/29/2020,261,33,430,0,15,38,295,1072,171,144,92,10
4/30/2020,259,33,429,0,15,39,284,1058,170,143,92,10
5/1/2020,260,33,409,0,14,69,245,1031,170,119,95,11
5/2/2020,253,33,412,0,13,63,250,1025,171,121,94,11
5/3/2020,258,30,414,0,13,64,251,1031,170,122,94,12
5/4/2020,255,35,423,0,15,62,280,1070,170,128,94,12
5/5/2020,254,35,428,0,13,58,281,1068,171,128,98,13
5/6/2020,256,34,429,0,14,60,312,1106,170,128,99,11
5/7/2020,256,34,432,0,13,60,305,1098,170,128,100,12
5/8/2020,252,34,432,0,14,52,298,1083,171,127,101,12
5/9/2020,242,35,424,0,11,51,291,1054,170,127,97,11
5/10/2020,241,32,426,0,11,42,283,1035,171,126,98,13
5/11/2020,206,34,437,0,15,55,297,1045,171,128,101,15
5/12/2020,125,34,436,0,14,70,307,985,170,128,102,15
5/13/2020,201,34,438,0,13,73,312,1070,171,127,102,17
5/14/2020,204,33,427,0,15,73,311,1062,171,115,102,17
5/15/2020,208,34,425,0,18,73,306,1063,171,118,97,18
5/16/2020,242,34,404,0,15,69,271,1035,170,109,91,16
5/17/2020,241,32,402,0,14,66,275,1030,170,126,72,16
5/18/2020,237,33,413,0,15,68,315,1082,171,128,78,17
5/19/2020,211,34,434,0,14,72,281,1047,170,127,100,18
5/20/2020,226,35,419,0,13,72,300,1065,171,124,89,17
5/21/2020,222,34,408,0,13,64,294,1035,170,127,78,16
5/22/2020,217,32,413,0,14,52,306,1035,171,127,84,15
5/23/2020,224,34,351,0,10,57,274,950,170,103,47,14
5/24/2020,229,32,339,0,10,63,253,925,171,112,27,13
5/25/2020,242,33,356,0,15,65,295,1007,171,126,27,15
5/26/2020,242,34,349,0,14,69,289,995,171,124,21,16
5/27/2020,224,33,367,0,11,72,228,935,171,126,40,14
5/28/2020,227,32,356,0,12,68,246,942,170,128,26,16
5/29/2020,230,32,338,0,14,67,248,930,171,118,17,16
5/30/2020,228,33,337,0,10,64,231,902,171,117,18,16
5/31/2020,227,33,326,0,10,64,237,896,171,111,18,11
6/1/2020,218,40,420,0,14,58,191,940,170,131,85,12
6/2/2020,222,29,424,0,13,57,210,954,170,132,91,11
6/3/2020,233,39,433,0,12,55,204,976,170,132,100,11
6/4/2020,259,40,441,0,12,54,211,1017,171,137,101,12
6/5/2020,251,40,438,0,12,55,191,987,171,134,101,14
6/6/2020,245,29,432,0,10,48,176,939,171,132,100,13
6/7/2020,249,26,429,0,10,51,198,962,170,132,100,12
6/8/2020,253,38,434,0,15,59,231,1029,169,132,94,19
6/9/2020,253,29,439,0,11,64,205,999,173,132,94,19
6/10/2020,240,40,436,0,12,60,197,983,171,134,94,16
6/11/2020,244,42,435,0,12,58,187,977,171,135,94,16
6/12/2020,251,40,433,0,10,55,180,969,171,136,92,15
6/13/2020,242,28,433,0,9,46,173,930,171,133,94,17
6/14/2020,243,28,432,0,9,48,174,933,171,132,94,18
6/15/2020,248,40,432,0,13,53,195,980,170,133,94,16
6/16/2020,247,41,428,0,12,58,211,996,171,128,93,17
6/17/2020,248,40,430,0,12,58,190,977,171,133,88,18
6/18/2020,254,42,427,0,12,55,200,990,171,133,88,17
6/19/2020,255,30,428,0,10,56,197,976,171,133,91,16
6/20/2020,240,28,422,0,11,50,181,932,171,134,84,17
6/21/2020,238,27,430,0,9,50,167,921,171,134,89,17
6/22/2020,254,38,441,0,13,54,190,991,170,135,98,18
6/23/2020,253,40,443,0,11,59,208,1015,171,138,95,18
6/24/2020,242,41,437,0,11,59,208,998,171,142,104,0
6/25/2020,243,40,437,0,12,58,209,998,171,142,104,0
6/26/2020,241,41,437,0,13,55,213,998,171,141,104,0
6/27/2020,230,40,438,0,9,48,174,939,170,143,104,0
6/28/2020,231,40,438,0,9,45,179,941,171,143,104,0
6/29/2020,242,40,455,0,12,52,186,987,171,139,104,19
6/30/2020,253,41,453,0,11,58,202,1018,171,137,103,20
7/1/2020,249,57,416,0,11,46,208,987,171,132,68,19
7/2/2020,238,53,437,0,14,44,232,1017,171,131,89,18
7/3/2020,240,53,437,0,14,43,245,1032,171,131,89,19
7/4/2020,239,48,413,0,10,38,222,970,171,131,74,17
7/5/2020,238,48,413,0,10,37,205,951,171,131,73,18
7/6/2020,247,51,356,0,16,45,239,955,176,130,11,19
7/7/2020,245,52,353,0,15,46,238,949,171,130,10,19
7/8/2020,236,55,355,0,12,47,253,957,171,131,10,19
7/9/2020,230,57,353,0,12,46,264,962,171,131,11,19
7/10/2020,238,56,362,0,17,44,264,981,172,131,21,19
7/11/2020,244,50,429,0,12,46,227,1008,172,132,89,15
7/12/2020,246,49,432,0,12,43,215,995,171,132,91,15
7/13/2020,246,54,428,0,15,47,240,1030,167,131,90,17
7/14/2020,243,55,280,0,13,44,246,881,0,131,105,21
7/15/2020,235,52,282,0,11,40,248,869,0,130,108,21
7/16/2020,235,52,282,0,12,45,249,874,0,131,108,20
7/17/2020,245,51,280,0,14,46,231,867,0,131,108,18
7/18/2020,251,50,262,0,10,47,187,806,0,131,91,17
7/19/2020,249,48,260,0,10,45,183,795,0,131,91,17
7/20/2020,251,55,260,0,14,46,211,838,0,132,91,17
7/21/2020,244,57,262,0,13,44,200,818,0,132,90,18
7/22/2020,249,63,261,0,12,46,202,832,0,131,92,18
7/23/2020,250,63,263,0,12,47,201,836,0,131,94,18
7/24/2020,253,57,273,0,11,46,198,838,0,130,104,18
7/25/2020,245,53,258,0,12,42,166,775,0,130,90,17
7/26/2020,243,51,413,0,12,42,157,918,161,129,84,17
7/27/2020,241,56,428,0,17,42,218,1003,179,130,91,9
7/28/2020,244,60,418,0,17,46,207,991,171,128,91,8
7/29/2020,245,52,422,0,15,43,204,981,167,127,91,18
7/30/2020,243,54,412,0,16,41,209,976,154,130,91,18
7/31/2020,246,55,403,0,16,46,202,968,148,128,90,18
8/1/2020,253,58,373,0,11,34,195,925,142,86,104,18
8/2/2020,251,54,400,0,11,34,185,935,168,86,104,18
8/3/2020,252,54,408,0,14,35,187,949,175,86,104,18
8/4/2020,253,55,416,0,14,29,178,946,178,86,108,18
8/5/2020,254,58,414,0,13,37,193,968,174,87,110,18
8/6/2020,246,60,415,0,13,36,173,943,172,89,110,18
8/7/2020,248,59,419,0,13,37,180,956,178,86,110,18
8/8/2020,240,57,416,0,9,35,192,948,174,87,110,18
8/9/2020,246,56,410,0,8,34,167,920,170,87,109,17
8/10/2020,247,56,413,0,3,34,183,936,172,90,107,18
8/11/2020,244,59,396,0,5,28,186,918,171,88,96,13
8/12/2020,243,59,397,0,6,27,191,923,170,89,97,13
8/13/2020,239,60,397,0,5,29,190,921,171,89,97,13
8/14/2020,240,55,407,0,7,27,190,925,171,90,106,13
8/15/2020,242,55,412,0,5,28,161,903,171,90,107,18
8/16/2020,242,56,413,0,5,28,152,896,171,90,107,18
8/17/2020,242,61,410,0,6,36,212,968,170,90,107,17
8/18/2020,247,61,411,0,4,37,198,959,171,91,107,18
8/19/2020,243,60,416,0,15,34,187,954,171,92,109,18
8/20/2020,240,59,406,0,13,29,177,924,171,92,109,18
8/21/2020,236,59,406,0,6,27,182,916,171,92,109,18
8/22/2020,220,56,405,0,6,27,169,882,171,91,109,18
8/23/2020,223,53,405,0,8,30,146,864,171,90,109,18
8/24/2020,192,62,409,0,10,22,198,893,170,92,110,18
8/25/2020,224,63,407,0,10,22,204,930,170,91,110,18
8/26/2020,220,65,406,0,8,25,181,904,171,88,110,18
8/27/2020,210,65,408,0,8,21,187,898,171,88,111,18
8/28/2020,210,66,409,0,4,16,171,875,171,90,110,18
8/29/2020,191,57,411,0,4,13,146,822,171,92,110,18
8/30/2020,196,56,409,0,4,16,149,830,171,93,110,16
8/31/2020,216,67,410,0,9,15,174,891,171,91,109,19
9/1/2020,224,83,384,0,6,23,175,896,170,72,101,16
9/2/2020,238,69,384,0,10,26,181,908,171,68,102,19
9/3/2020,242,60,389,0,11,25,195,921,171,70,107,19
9/4/2020,242,73,387,0,14,26,161,903,170,71,106,18
9/5/2020,243,74,386,0,13,22,138,875,171,72,106,15
9/6/2020,240,73,387,0,13,23,128,864,171,72,106,16
9/7/2020,237,75,389,0,11,32,177,922,171,72,106,17
9/8/2020,239,72,387,0,9,35,190,932,171,70,106,18
9/9/2020,211,73,398,0,13,38,206,939,171,79,106,18
9/10/2020,223,82,392,0,11,43,216,967,171,73,106,18
9/11/2020,224,75,392,0,13,40,229,973,171,74,106,19
9/12/2020,241,64,390,0,9,34,177,916,171,73,106,17
9/13/2020,238,64,389,0,10,32,146,879,171,74,106,15
9/14/2020,233,68,391,0,13,21,185,911,170,74,106,18
9/15/2020,233,64,395,0,15,20,179,906,171,77,106,19
9/16/2020,218,65,399,0,16,20,188,905,171,79,106,19
9/17/2020,233,66,400,0,11,36,193,938,171,79,107,19
9/18/2020,232,84,400,0,14,33,185,948,171,79,106,20
9/19/2020,236,60,395,0,9,36,139,876,171,78,106,17
9/20/2020,233,57,395,0,10,35,144,874,170,77,106,18
9/21/2020,234,66,399,0,16,35,178,928,171,80,105,19
9/22/2020,232,71,408,0,15,35,202,964,171,91,105,19
9/23/2020,188,71,411,0,15,35,206,926,171,93,105,19
9/24/2020,202,70,415,0,14,29,202,931,171,93,106,19
9/25/2020,213,70,413,0,18,28,185,926,171,93,106,20
9/26/2020,191,65,408,0,18,22,152,855,171,90,106,18
9/27/2020,195,64,407,0,18,27,154,864,171,90,106,17
9/28/2020,184,74,429,0,18,26,190,921,170,110,109,17
9/29/2020,181,73,441,0,17,22,231,966,177,114,110,17
9/30/2020,178,73,369,0,16,21,210,866,109,109,109,20
10/1/2020,190,94,486,0,15,11,162,958,176,162,109,17
10/2/2020,204,96,478,0,15,3,150,944,171,159,109,16
10/3/2020,192,83,467,0,15,-4,138,890,170,155,108,15
10/4/2020,191,82,463,0,14,-5,141,886,171,151,108,14
10/5/2020,182,94,472,0,18,0,171,937,170,158,109,15
10/6/2020,180,95,476,0,15,2,191,958,170,163,109,17
10/7/2020,190,95,477,0,15,6,177,959,171,163,109,17
10/8/2020,189,93,477,0,15,3,186,964,171,164,109,16
10/9/2020,202,98,477,0,15,0,176,967,171,164,109,16
10/10/2020,200,99,475,0,14,-1,152,938,171,162,110,15
10/11/2020,207,92,474,0,14,1,151,939,170,162,110,14
10/12/2020,221,95,481,0,13,4,187,1001,171,166,110,16
10/13/2020,224,111,448,0,14,9,217,1022,176,166,79,8
10/14/2020,220,98,444,0,14,5,204,985,177,166,76,8
10/15/2020,189,94,467,0,15,6,219,988,171,166,106,8
10/16/2020,186,96,479,0,15,10,202,987,171,165,110,11
10/17/2020,194,94,478,0,14,5,176,961,170,167,110,11
10/18/2020,215,94,477,0,14,3,164,968,171,167,109,11
10/19/2020,221,95,481,0,14,5,182,997,170,168,109,13
10/20/2020,221,101,484,0,14,13,160,993,171,168,109,13
10/21/2020,216,98,487,0,14,13,142,970,171,169,110,18
10/22/2020,193,97,486,0,14,9,151,949,171,167,110,19
10/23/2020,206,104,485,0,13,3,156,967,171,168,110,20
10/24/2020,209,95,492,0,13,-1,147,955,177,168,113,17
10/25/2020,199,93,479,0,13,0,151,935,171,168,109,17
10/26/2020,210,104,485,0,14,4,165,982,170,169,109,19
10/27/2020,163,97,476,0,15,5,189,945,171,168,109,9
10/28/2020,203,100,474,0,15,5,196,993,170,168,110,8
10/29/2020,199,96,476,0,15,7,201,994,171,170,110,10
10/30/2020,215,94,483,0,15,5,194,1005,170,167,110,14
10/31/2020,225,93,482,0,14,9,178,1001,171,165,110,16
11/1/2020,221,88,481,0,14,9,146,960,171,167,109,19
11/2/2020,241,96,482,0,13,16,151,1000,167,170,109,22
11/3/2020,226,97,473,0,12,10,176,994,173,153,109,21
11/4/2020,208,97,486,0,11,12,177,990,170,171,110,21
11/5/2020,228,97,472,0,13,10,175,994,171,157,110,20
11/6/2020,237,99,480,0,14,14,173,1016,171,168,110,19
11/7/2020,230,98,467,0,13,7,165,979,170,158,110,16
11/8/2020,231,98,480,0,13,5,146,972,171,168,110,16
11/9/2020,228,99,488,0,13,9,179,1015,171,169,110,18
11/10/2020,221,99,490,0,13,11,186,1020,170,173,110,18
11/11/2020,232,99,497,0,13,12,181,1034,171,174,110,22
11/12/2020,228,100,497,0,13,13,178,1028,171,172,110,23
11/13/2020,233,99,492,0,12,15,198,1049,170,172,110,22
11/14/2020,232,98,488,0,12,6,152,988,169,171,110,22
11/15/2020,232,102,488,0,13,3,146,984,171,170,109,22
11/16/2020,236,99,492,0,15,10,202,1054,172,171,110,22
11/17/2020,239,99,493,0,15,13,208,1066,171,172,110,23
11/18/2020,239,99,484,0,15,8,207,1051,170,167,110,22
11/19/2020,233,99,491,0,14,5,218,1059,171,172,110,23
11/20/2020,228,98,490,0,15,4,208,1043,170,168,110,23
11/21/2020,240,98,494,0,13,13,177,1035,172,172,110,23
11/22/2020,231,99,488,0,12,14,173,1016,170,169,110,23
11/23/2020,251,99,495,0,13,5,220,1083,171,174,110,23
11/24/2020,245,114,498,0,10,8,211,1085,170,176,110,24
11/25/2020,220,114,498,0,10,8,204,1053,170,175,110,24
11/26/2020,219,115,498,0,9,-9,202,1033,170,175,110,24
11/27/2020,223,115,501,0,10,-8,194,1034,171,175,110,24
11/28/2020,188,105,493,0,10,-12,182,965,170,172,110,23
11/29/2020,200,107,496,0,10,-12,160,960,170,171,110,23
11/30/2020,237,117,506,0,10,-9,172,1033,171,172,110,25
12/1/2020,236,118,503,0,10,-11,149,1006,171,176,105,25
12/2/2020,235,123,498,0,9,-15,145,994,168,177,105,25
12/3/2020,224,123,493,0,9,-14,142,978,168,177,104,24
12/4/2020,229,124,492,0,9,-16,149,987,169,177,104,24
12/5/2020,225,123,490,0,9,-17,138,968,170,175,104,23
12/6/2020,226,120,489,0,6,-13,136,963,170,174,104,23
12/7/2020,226,109,496,0,9,-11,144,973,171,175,106,23
12/8/2020,225,103,503,0,8,-9,161,991,169,178,110,22
12/9/2020,225,98,502,0,8,2,168,1002,171,176,110,22
12/10/2020,212,93,501,0,9,9,180,1004,171,177,110,21
12/11/2020,213,92,503,0,8,9,169,993,171,177,110,22
12/12/2020,222,93,499,0,7,6,129,956,169,176,110,20
12/13/2020,223,106,504,0,7,3,133,976,171,178,110,21
12/14/2020,222,113,507,0,11,7,170,1030,170,179,110,23
12/15/2020,222,120,506,0,12,7,163,1030,171,178,110,24
12/16/2020,227,123,509,0,11,13,173,1056,171,179,110,23
12/17/2020,234,124,510,0,11,8,176,1063,171,180,110,24
12/18/2020,226,122,503,0,10,10,170,1040,170,179,110,23
12/19/2020,247,119,497,0,10,14,140,1026,171,175,110,23
12/20/2020,227,112,498,0,10,12,136,994,170,176,110,24
12/21/2020,228,108,502,0,9,10,148,1004,172,178,110,24
12/22/2020,204,104,498,0,9,10,141,966,171,176,110,24
12/23/2020,215,104,498,0,9,8,144,979,170,177,110,24
12/24/2020,210,106,498,0,9,8,120,951,170,176,110,24
12/25/2020,216,106,497,0,11,-4,107,932,171,176,110,22
12/26/2020,219,107,497,0,10,-4,113,942,171,177,110,21
12/27/2020,218,105,495,0,10,-6,124,945,170,177,110,20
12/28/2020,217,97,499,0,9,-17,125,930,171,178,110,20
12/29/2020,215,93,500,0,9,-27,140,929,172,178,110,18
12/30/2020,216,92,499,0,8,-39,144,921,169,177,110,19
12/31/2020,217,103,494,12,9,-40,140,934,170,175,110,17
1/1/2021,214,111,432,11,9,-64,127,840,170,112,110,21
1/2/2021,217,102,431,11,9,-68,143,845,171,111,110,24
1/3/2021,217,83,437,13,9,-66,146,838,171,114,110,26
1/4/2021,210,68,434,13,9,-66,162,830,171,113,110,21
1/5/2021,209,67,437,15,9,-72,161,825,171,113,110,22
1/6/2021,207,65,435,16,7,-72,156,814,171,113,110,24
1/7/2021,198,75,439,16,9,-50,167,853,170,112,110,25
1/8/2021,207,100,440,16,9,-50,159,880,171,111,110,25
1/9/2021,209,120,439,16,9,-72,121,843,170,111,110,25
1/10/2021,212,122,436,16,10,-75,105,825,169,110,110,23
1/11/2021,206,119,440,16,13,-64,139,869,171,110,110,27
1/12/2021,211,99,443,16,14,-73,157,866,170,110,110,29
1/13/2021,213,89,446,16,12,-85,161,852,170,109,110,30
1/14/2021,214,89,450,16,11,-85,148,842,171,108,110,30
1/15/2021,199,101,460,16,9,-85,152,850,171,109,115,34
1/16/2021,199,109,459,16,6,-80,121,829,170,108,114,36
1/17/2021,211,108,459,16,9,-71,113,845,170,109,115,37
1/18/2021,213,103,458,16,10,-71,146,874,170,107,115,38
1/19/2021,213,98,456,16,8,-60,135,867,170,106,115,38
1/20/2021,220,99,451,16,8,-46,123,870,171,107,115,36
1/21/2021,213,91,451,16,8,-60,119,838,170,106,115,35
1/22/2021,215,88,447,16,9,-66,99,807,170,105,115,32
1/23/2021,213,100,439,16,8,-65,78,790,171,104,115,29
1/24/2021,175,106,439,16,8,-65,79,758,170,106,115,28
1/25/2021,198,107,446,16,12,-65,101,814,170,107,115,30
1/26/2021,208,115,452,16,12,-66,111,848,171,110,115,32
1/27/2021,210,117,455,16,9,-63,122,866,171,112,115,32
1/28/2021,213,118,453,16,9,-38,108,878,171,108,115,32
1/29/2021,217,120,453,16,9,-54,97,856,171,107,115,32
1/30/2021,217,118,449,15,9,-64,84,828,171,108,115,30
1/31/2021,217,118,448,15,9,-60,89,836,171,109,115,29
2/1/2021,212,118,449,16,9,-39,118,883,171,113,110,32
2/2/2021,211,118,450,14,12,-23,120,902,170,111,110,32
2/3/2021,212,118,453,16,12,-21,115,904,170,114,115,32
2/4/2021,221,118,458,16,11,-19,119,923,172,118,115,29
2/5/2021,226,118,459,16,12,-20,127,937,173,116,115,29
2/6/2021,226,117,460,13,10,-17,119,927,172,118,115,27
2/7/2021,230,117,454,15,10,-23,112,914,171,118,115,26
2/8/2021,221,118,451,16,11,-35,139,920,171,119,115,27
2/9/2021,207,117,451,16,13,-47,153,910,171,118,116,27
2/10/2021,211,118,453,16,13,-39,171,942,170,113,116,29
2/11/2021,226,118,463,16,11,-19,191,1005,171,121,116,31
2/12/2021,241,118,461,16,11,-22,204,1029,171,119,115,33
2/13/2021,232,117,455,16,10,-18,164,974,171,119,110,34
2/14/2021,221,116,451,11,10,-20,161,950,170,117,110,34
2/15/2021,244,118,454,17,13,-6,167,1006,170,118,110,35
2/16/2021,240,119,449,18,9,14,188,1035,170,116,110,35
2/17/2021,240,117,430,18,10,15,191,1021,170,91,110,37
2/18/2021,244,117,407,16,8,11,204,1006,171,83,96,36
2/19/2021,234,118,396,15,10,1,187,960,170,81,96,35
2/20/2021,230,117,364,15,6,-14,154,871,170,61,87,31
2/21/2021,230,117,371,15,9,-14,159,886,171,71,86,30
2/22/2021,232,118,368,13,12,-9,210,944,170,64,86,33
2/23/2021,215,115,366,12,12,11,195,925,171,64,86,32
2/24/2021,224,117,368,14,12,15,172,921,171,65,91,31
2/25/2021,224,117,372,9,11,14,182,929,171,69,91,28
2/26/2021,230,118,386,12,11,13,176,945,170,78,94,29
2/27/2021,231,116,417,14,11,1,180,969,171,103,102,26
2/28/2021,231,116,418,14,11,-3,174,960,170,103,104,26
3/1/2021,233,119,428,14,11,2,231,1037,171,107,101,34
3/2/2021,225,116,440,15,10,-1,249,1054,171,109,110,35
3/3/2021,219,119,444,15,11,-2,230,1035,170,114,110,34
3/4/2021,201,119,447,15,11,-4,234,1021,170,114,110,34
3/5/2021,202,118,449,15,12,-6,239,1030,170,115,110,34
3/6/2021,204,117,449,15,11,-27,236,1004,171,118,110,33
3/7/2021,136,116,448,15,11,-10,239,955,170,118,110,33
3/8/2021,205,121,453,14,12,-12,284,1076,171,118,110,32
3/9/2021,221,121,453,14,14,-5,287,1103,170,118,110,33
3/10/2021,236,119,424,15,13,-4,294,1096,170,102,101,33
3/11/2021,235,118,420,15,12,-6,285,1079,171,97,100,37
3/12/2021,238,119,438,14,10,-3,272,1088,170,112,106,37
3/13/2021,244,118,444,15,9,-5,198,1022,170,118,110,33
3/14/2021,247,118,442,14,11,-2,202,1032,171,119,110,29
3/15/2021,249,118,448,14,11,7,252,1096,170,119,110,33
3/16/2021,247,118,452,13,10,18,263,1121,171,121,110,35
3/17/2021,240,119,454,15,10,17,282,1137,170,121,110,36
3/18/2021,242,119,456,15,11,16,296,1153,171,120,110,36
3/19/2021,242,119,454,15,12,14,300,1156,170,121,110,37
3/20/2021,238,119,452,15,10,17,288,1137,170,121,110,37
3/21/2021,226,118,452,15,10,16,293,1130,171,121,110,36
3/22/2021,242,121,459,15,13,19,303,1172,172,119,110,39
3/23/2021,254,119,460,15,12,16,311,1187,173,121,110,39
3/24/2021,257,118,459,15,10,16,300,1175,173,121,110,40
3/25/2021,257,119,462,15,10,16,292,1170,173,122,110,41
3/26/2021,245,119,464,14,12,10,293,1157,173,122,110,39
3/27/2021,233,118,439,14,10,2,230,1044,165,118,106,31
3/28/2021,228,119,451,14,10,0,226,1047,173,117,110,31
3/29/2021,228,119,452,14,12,2,264,1091,173,119,110,29
3/30/2021,251,119,453,14,10,4,256,1107,173,119,110,31
3/31/2021,255,113,449,14,6,7,257,1100,173,116,110,31
4/1/2021,240,101,448,15,4,17,288,1113,171,117,110,31
4/2/2021,246,101,448,16,4,18,287,1119,171,117,110,31
4/3/2021,249,99,445,18,4,18,275,1107,171,117,110,30
4/4/2021,256,99,444,17,4,13,284,1117,171,117,110,30
4/5/2021,256,104,447,17,4,14,297,1140,171,118,110,33
4/6/2021,250,100,450,17,4,18,301,1139,169,121,110,34
4/7/2021,235,93,453,17,4,10,320,1132,172,117,110,35
4/8/2021,241,101,454,17,4,17,316,1149,171,119,110,35
4/9/2021,209,113,414,17,5,19,313,1091,173,117,71,35
4/10/2021,219,105,418,17,5,18,285,1067,172,117,79,32
4/11/2021,217,104,415,17,5,18,257,1033,174,116,79,30
4/12/2021,216,109,412,17,5,8,272,1039,172,116,79,31
4/13/2021,196,111,429,17,3,10,299,1064,173,118,91,32
4/14/2021,217,111,449,17,3,12,308,1118,169,122,110,32
4/15/2021,213,117,452,17,6,14,284,1103,167,122,110,34
4/16/2021,217,110,453,18,12,12,292,1114,168,123,110,34
4/17/2021,226,109,447,24,14,10,260,1088,170,118,110,34
4/18/2021,228,109,448,25,11,15,264,1099,171,118,110,33
4/19/2021,231,115,455,25,13,17,309,1164,171,123,110,34
4/20/2021,228,111,449,25,1,17,315,1144,172,118,110,34
4/21/2021,239,113,442,27,15,16,282,1133,170,117,110,32
4/22/2021,239,113,443,25,15,15,313,1163,171,117,110,34
4/23/2021,235,112,450,25,11,15,275,1122,171,118,110,35
4/24/2021,234,109,454,24,13,13,271,1118,171,118,110,33
4/25/2021,230,110,454,23,12,13,263,1103,170,118,110,32
4/26/2021,230,113,456,27,13,15,290,1143,170,118,110,32
4/27/2021,243,113,458,27,13,14,265,1132,171,117,110,34
4/28/2021,235,113,454,28,11,17,259,1116,170,116,110,33
4/29/2021,216,112,457,28,14,18,278,1121,171,118,110,33
4/30/2021,182,111,449,28,15,14,268,1066,170,116,110,29
5/1/2021,215,111,446,28,12,5,227,1044,171,122,110,27
5/2/2021,217,111,447,28,9,8,228,1047,171,122,110,26
5/3/2021,216,112,449,28,15,6,238,1064,171,122,110,27
5/4/2021,205,112,448,28,13,1,245,1053,171,122,110,26
5/5/2021,181,112,453,29,0,-10,233,998,171,122,110,29
5/6/2021,175,112,459,29,15,2,239,1032,170,122,110,31
5/7/2021,196,112,461,30,13,3,248,1062,170,123,110,31
5/8/2021,223,110,459,30,10,4,240,1076,171,122,110,33
5/9/2021,232,111,451,30,10,9,227,1070,171,121,110,27
5/10/2021,245,111,457,30,11,12,242,1107,171,121,110,34
5/11/2021,243,112,458,29,11,12,240,1104,171,121,110,35
5/12/2021,244,113,460,29,10,15,232,1104,171,121,110,36
5/13/2021,239,114,461,29,10,14,237,1104,170,122,110,35
5/14/2021,220,114,451,29,13,15,265,1107,171,122,110,28
5/15/2021,193,114,450,26,13,14,260,1070,170,122,110,28
5/16/2021,199,114,449,15,14,14,250,1055,170,122,110,29
5/17/2021,193,112,451,0,15,17,273,1060,170,122,110,29
5/18/2021,198,111,453,0,12,17,233,1024,171,122,110,28
5/19/2021,202,110,453,0,0,14,296,1076,170,122,110,28
5/20/2021,211,111,455,0,13,13,282,1084,171,122,110,29
5/21/2021,205,110,457,0,12,12,275,1071,171,122,110,31
5/22/2021,186,111,458,17,11,10,257,1050,170,122,110,35
5/23/2021,202,111,458,19,11,11,243,1055,170,122,110,32
5/24/2021,202,111,460,18,13,11,237,1052,171,122,110,33
5/25/2021,193,111,464,18,10,14,240,1051,171,122,110,36
5/26/2021,185,112,465,23,9,12,241,1045,170,122,110,37
5/27/2021,194,112,464,25,10,14,238,1057,170,122,110,37
5/28/2021,205,112,463,22,10,16,229,1056,171,122,110,36
5/29/2021,218,112,461,25,10,14,205,1044,170,122,110,34
5/30/2021,218,112,461,25,10,13,201,1038,170,122,110,33
5/31/2021,220,113,466,25,11,13,224,1070,171,122,110,35
6/1/2021,218,107,460,26,9,14,255,1087,171,122,110,33
6/2/2021,213,106,451,25,9,14,252,1070,171,122,110,34
6/3/2021,215,108,453,25,11,13,266,1090,170,122,110,34
6/4/2021,220,107,451,25,11,16,261,1090,171,122,110,36
6/5/2021,221,107,443,25,10,17,218,1040,170,120,110,34
6/6/2021,222,107,441,25,10,18,224,1047,170,120,110,33
6/7/2021,209,106,436,28,11,16,245,1051,169,120,98,37
6/8/2021,209,106,424,25,12,27,239,1042,169,120,96,29
6/9/2021,104,107,428,25,0,26,245,935,169,121,96,29
6/10/2021,160,107,443,24,14,27,243,1017,171,121,102,29
6/11/2021,160,106,451,25,13,23,235,1013,170,120,103,36
6/12/2021,212,107,447,25,8,14,201,1015,170,119,103,36
6/13/2021,223,108,448,24,8,13,193,1017,171,119,103,35
6/14/2021,224,107,459,26,11,15,185,1027,171,119,109,37
6/15/2021,226,105,457,26,10,21,188,1033,171,119,110,35
6/16/2021,232,98,459,30,7,15,171,1013,171,119,110,37
6/17/2021,201,108,462,28,3,18,176,995,171,119,110,39
6/18/2021,237,104,461,28,2,15,178,1024,170,119,110,38
6/19/2021,230,103,456,28,2,13,147,979,168,119,110,38
6/20/2021,220,102,455,26,2,13,131,948,168,119,110,36
6/21/2021,223,103,447,27,2,12,162,976,159,119,110,35
6/22/2021,224,104,441,26,0,15,166,976,153,120,110,35
6/23/2021,231,103,409,25,1,15,183,967,156,119,110,0
6/24/2021,238,102,412,25,1,12,179,968,158,119,110,0
6/25/2021,245,103,413,26,2,12,176,976,158,119,110,0
6/26/2021,239,103,414,27,2,13,153,950,161,119,110,0
6/27/2021,250,104,416,28,6,10,142,957,165,119,110,0
6/28/2021,260,103,430,28,11,13,193,1036,165,119,110,12
6/29/2021,263,101,454,28,10,12,186,1053,164,118,110,36
6/30/2021,257,101,454,29,0,14,173,1028,162,118,110,39
7/1/2021,261,99,443,23,0,14,175,1014,163,107,110,39
7/2/2021,251,98,441,24,2,13,178,1008,161,107,110,40
7/3/2021,259,97,440,25,11,13,166,1011,163,106,110,39
7/4/2021,264,96,440,26,11,12,169,1015,161,108,109,40
7/5/2021,261,96,436,27,13,19,199,1049,161,108,105,39
7/6/2021,263,95,352,27,14,28,181,959,171,109,12,40
7/7/2021,263,93,350,28,12,28,188,961,170,109,8,40
7/8/2021,263,94,352,29,10,29,203,980,169,108,14,40
7/9/2021,262,95,400,28,11,25,169,989,163,108,68,39
7/10/2021,261,95,431,30,8,28,150,1003,158,108,110,37
7/11/2021,263,95,426,30,8,17,145,984,157,108,110,36
7/12/2021,262,96,427,28,9,30,171,1022,150,108,110,38
7/13/2021,263,95,279,28,10,32,172,878,2,108,110,38
7/14/2021,264,96,279,28,11,19,156,852,0,109,110,38
7/15/2021,262,97,277,28,10,20,162,857,0,107,110,39
7/16/2021,260,97,276,28,11,27,151,851,0,107,110,39
7/17/2021,260,98,281,28,8,26,130,830,0,111,110,39
7/18/2021,260,98,277,28,8,26,126,823,0,108,110,37
7/19/2021,260,101,281,28,9,22,174,875,0,109,110,40
7/20/2021,261,102,280,28,10,25,173,879,0,109,110,40
7/21/2021,260,103,280,30,10,18,173,874,0,109,110,39
7/22/2021,261,102,280,30,10,18,178,879,0,109,110,39
7/23/2021,259,98,426,30,11,17,177,1018,149,108,110,38
7/24/2021,239,95,447,32,7,16,147,983,170,108,110,36
7/25/2021,217,96,445,32,7,15,140,952,170,108,110,35
7/26/2021,236,98,447,31,10,18,173,1013,169,108,110,37
7/27/2021,240,96,443,31,10,15,176,1012,162,108,110,38
7/28/2021,232,97,449,32,10,15,178,1013,169,108,110,38
7/29/2021,223,96,449,32,10,16,191,1017,170,108,110,39
7/30/2021,212,96,447,32,12,13,184,995,166,108,110,38
7/31/2021,204,95,412,32,10,14,168,936,169,108,76,38
8/1/2021,212,93,416,32,10,12,146,921,167,107,88,36
8/2/2021,217,90,403,30,11,14,163,928,169,108,78,36
8/3/2021,218,84,399,30,10,14,176,930,170,108,75,36
8/4/2021,239,82,396,31,10,13,168,938,170,108,75,36
8/5/2021,256,81,383,31,11,12,161,933,170,108,61,36
8/6/2021,256,81,389,31,13,10,161,941,170,107,62,36
8/7/2021,258,81,388,29,10,9,127,902,170,107,61,36
8/8/2021,261,86,386,29,10,7,127,904,170,106,59,36
8/9/2021,237,93,393,29,6,13,146,916,171,107,61,36
8/10/2021,249,95,392,29,11,13,147,935,170,106,61,36
8/11/2021,259,93,378,29,10,13,137,919,170,107,46,36
8/12/2021,261,86,375,29,10,23,144,928,169,106,46,36
8/13/2021,262,78,374,27,11,26,152,930,166,106,50,36
8/14/2021,262,75,375,26,9,17,170,934,168,106,48,36
8/15/2021,263,74,373,26,9,14,125,884,168,105,47,35
8/16/2021,263,72,375,27,12,26,120,894,169,106,47,35
8/17/2021,263,73,389,27,11,29,124,916,168,106,63,35
8/18/2021,264,79,390,29,11,23,131,926,169,105,62,36
8/19/2021,262,78,391,29,10,16,149,935,168,105,64,36
8/20/2021,263,85,392,29,11,13,146,939,171,105,60,36
8/21/2021,263,86,392,29,7,14,124,916,170,105,60,36
8/22/2021,264,88,391,29,7,13,112,904,170,104,61,34
8/23/2021,264,87,418,29,10,15,120,943,171,106,81,38
8/24/2021,255,81,431,29,10,16,166,987,171,105,92,38
8/25/2021,261,81,430,32,9,17,174,1004,170,105,92,41
8/26/2021,263,84,429,31,7,17,183,1013,171,105,92,41
8/27/2021,257,83,429,31,10,16,204,1031,171,105,92,41
8/28/2021,258,84,429,31,8,18,140,967,170,104,93,40
8/29/2021,258,84,429,32,8,16,142,968,171,104,92,41
8/30/2021,259,86,430,31,10,21,164,1000,171,105,92,41
8/31/2021,261,96,430,26,7,22,190,1030,171,105,92,41
9/1/2021,259,99,381,27,11,14,186,976,171,88,75,34
9/2/2021,252,99,385,26,10,15,185,972,171,88,79,33
9/3/2021,246,98,382,27,9,14,176,952,171,87,79,32
9/4/2021,238,99,382,27,6,11,158,922,170,87,79,31
9/5/2021,240,99,398,28,6,10,150,930,170,88,95,31
9/6/2021,239,102,362,27,9,14,180,932,170,89,60,26
9/7/2021,236,82,387,25,9,13,185,937,170,88,87,26
9/8/2021,237,81,387,22,9,13,190,938,170,88,87,27
9/9/2021,252,83,385,21,9,14,218,980,171,88,87,27
9/10/2021,247,82,395,20,9,16,211,980,170,89,87,34
9/11/2021,251,82,391,21,8,21,161,933,170,88,87,34
9/12/2021,248,83,383,20,6,14,148,904,170,88,87,26
9/13/2021,208,81,385,22,8,39,180,922,171,91,84,27
9/14/2021,208,81,405,24,7,15,179,921,170,90,100,29
9/15/2021,204,83,416,28,8,17,183,939,170,93,101,34
9/16/2021,210,81,417,28,8,21,176,940,171,99,97,34
9/17/2021,252,83,420,27,8,13,166,968,171,100,96,34
9/18/2021,248,83,416,27,6,12,118,911,171,94,98,34
9/19/2021,251,86,421,27,6,11,121,923,171,94,107,34
9/20/2021,245,91,415,27,10,14,183,985,171,97,102,34
9/21/2021,238,91,422,28,9,15,157,960,170,99,108,34
9/22/2021,244,86,424,28,9,20,161,972,171,101,108,34
9/23/2021,252,87,422,30,9,19,148,966,171,98,108,34
9/24/2021,258,87,421,29,9,44,157,1005,171,96,108,34
9/25/2021,263,87,416,29,7,54,140,995,170,91,108,34
9/26/2021,263,87,416,30,8,74,126,1004,170,91,108,32
9/27/2021,263,86,407,28,8,76,140,1007,171,91,107,23
9/28/2021,262,87,360,30,9,72,167,987,170,93,58,22
9/29/2021,241,87,395,30,8,82,150,993,171,103,82,24
9/30/2021,260,91,387,31,8,83,171,1029,170,100,77,24
10/1/2021,253,111,344,31,8,82,176,1004,171,93,29,39
10/2/2021,249,110,340,30,6,63,144,942,171,90,29,39
10/3/2021,251,110,338,30,6,65,140,941,170,90,30,37
10/4/2021,254,49,354,27,8,50,146,888,170,93,30,40
10/5/2021,254,109,360,28,9,56,172,988,170,95,32,40
10/6/2021,256,104,381,28,9,39,179,994,170,103,44,40
10/7/2021,257,104,381,28,9,46,189,1012,171,103,43,40
10/8/2021,256,104,386,30,7,53,194,1030,170,104,48,40
10/9/2021,257,109,375,30,6,50,148,976,172,96,47,40
10/10/2021,258,108,372,31,10,49,140,968,170,96,48,39
10/11/2021,258,113,375,30,11,37,167,990,170,101,44,40
10/12/2021,260,117,380,30,10,26,158,980,171,103,44,41
10/13/2021,260,117,376,30,10,33,176,1001,170,99,44,41
10/14/2021,261,115,364,30,11,63,182,1026,171,95,44,41
10/15/2021,261,109,363,30,14,52,209,1038,171,96,44,41
10/16/2021,264,101,360,30,11,47,198,1011,170,94,44,41
10/17/2021,264,98,362,30,11,59,195,1017,171,94,44,41
10/18/2021,264,98,364,30,11,65,230,1062,171,95,44,41
10/19/2021,262,98,367,31,10,77,188,1032,170,101,40,41
10/20/2021,264,96,359,31,10,69,194,1022,171,96,40,41
10/21/2021,239,97,368,31,10,64,198,1006,171,99,47,41
10/22/2021,235,96,360,30,11,49,207,988,171,95,42,40
10/23/2021,263,94,350,30,5,46,168,956,170,94,32,40
10/24/2021,259,96,356,30,8,48,165,962,171,94,36,40
10/25/2021,259,98,356,30,11,66,201,1022,171,94,35,41
10/26/2021,257,97,372,31,11,65,205,1039,171,101,40,41
10/27/2021,263,95,379,31,10,66,207,1050,169,98,50,41
10/28/2021,262,94,378,30,10,69,205,1047,171,97,50,41
10/29/2021,263,95,362,28,10,50,202,1010,170,99,33,41
10/30/2021,256,96,347,24,9,59,170,959,177,84,29,39
10/31/2021,263,97,323,23,9,58,169,941,171,79,20,33
11/1/2021,255,92,280,23,10,40,191,890,170,65,9,23
11/2/2021,248,94,287,23,10,18,226,905,170,73,9,21
11/3/2021,252,94,314,26,10,16,231,942,171,92,6,33
11/4/2021,248,94,344,27,11,17,233,974,172,100,26,35
11/5/2021,257,92,342,32,12,16,231,981,171,100,28,33
11/6/2021,258,92,330,32,9,38,228,988,170,96,20,32
11/7/2021,259,94,327,32,9,44,222,988,171,96,17,32
11/8/2021,262,95,337,32,10,17,258,1012,171,99,19,33
11/9/2021,261,94,365,32,10,34,260,1056,170,114,33,34
11/10/2021,263,95,383,31,10,37,262,1081,171,120,47,34
11/11/2021,230,94,379,34,10,52,257,1057,171,121,38,34
11/12/2021,192,93,377,32,9,74,242,1019,170,120,38,35
11/13/2021,244,93,381,30,9,49,211,1017,171,119,43,33
11/14/2021,262,94,383,30,9,37,201,1015,170,119,44,34
11/15/2021,260,95,392,32,11,26,238,1054,171,120,49,34
11/16/2021,250,94,395,32,11,20,245,1047,170,124,49,37
11/17/2021,259,95,397,32,10,24,231,1048,170,124,50,40
11/18/2021,263,94,405,32,10,28,252,1085,170,124,54,45
11/19/2021,263,94,398,33,9,29,273,1099,171,120,54,39
11/20/2021,258,92,390,32,9,13,241,1035,170,119,54,36
11/21/2021,255,92,389,32,9,15,224,1016,171,119,54,36
11/22/2021,237,94,393,32,10,19,267,1052,170,118,55,37
11/23/2021,237,93,395,32,10,14,265,1045,171,119,55,38
11/24/2021,239,93,397,32,9,9,242,1022,170,119,55,38
11/25/2021,244,93,401,32,13,5,260,1049,170,122,55,39
11/26/2021,252,92,405,32,9,14,232,1037,170,122,55,44
11/27/2021,245,92,397,32,9,7,213,994,170,122,54,34
11/28/2021,237,91,396,32,9,3,202,969,170,122,54,34
11/29/2021,237,85,404,32,11,4,283,1056,171,123,54,37
11/30/2021,256,83,406,32,13,11,280,1080,171,122,54,43
12/1/2021,238,89,397,32,13,9,246,1025,170,108,54,47
12/2/2021,238,92,400,31,11,-5,244,1010,171,108,54,46
12/3/2021,245,91,401,31,10,-2,263,1037,171,108,54,46
12/4/2021,252,93,399,30,8,5,201,987,170,108,54,46
12/5/2021,252,91,399,30,5,4,193,974,170,108,54,45
12/6/2021,249,87,403,31,11,-1,241,1021,171,109,54,45
12/7/2021,250,87,406,30,7,0,239,1019,171,111,54,46
12/8/2021,204,92,408,30,7,-9,236,968,171,112,54,46
12/9/2021,255,92,406,30,7,-3,245,1032,170,112,54,46
12/10/2021,260,91,406,30,8,20,235,1050,171,113,54,46
12/11/2021,262,92,400,30,8,11,208,1010,171,109,54,46
12/12/2021,262,89,399,30,6,18,208,1011,170,110,54,45
12/13/2021,263,96,402,30,9,23,249,1072,171,112,54,46
12/14/2021,260,97,401,30,8,21,270,1086,170,111,54,46
12/15/2021,263,98,404,30,8,19,278,1099,170,115,54,46
12/16/2021,257,87,405,30,7,11,261,1058,171,112,54,46
12/17/2021,250,87,408,30,5,6,268,1054,171,120,50,46
12/18/2021,251,87,378,29,4,6,229,983,170,109,32,46
12/19/2021,240,91,377,29,2,2,220,962,171,109,30,46
12/20/2021,243,86,385,29,4,-13,281,1015,171,112,27,47
12/21/2021,246,90,380,29,2,-6,318,1059,170,106,24,47
12/22/2021,249,90,382,30,2,1,300,1055,171,109,21,47
12/23/2021,256,90,361,30,2,15,290,1045,165,99,24,42
12/24/2021,257,91,355,30,4,24,241,1002,170,89,26,41
12/25/2021,248,92,356,30,5,40,214,985,170,88,24,44
12/26/2021,254,92,353,30,4,38,223,994,172,88,24,39
12/27/2021,257,92,354,29,10,50,220,1010,170,88,23,42
12/28/2021,260,89,357,29,9,54,228,1025,171,90,22,43
12/29/2021,263,91,363,30,10,77,229,1062,171,97,22,44
12/30/2021,263,92,360,32,10,78,231,1065,171,100,23,41
12/31/2021,262,82,343,32,10,89,234,1052,171,98,15,36
1/1/2022,264,93,279,31,8,79,236,990,159,67,16,24
1/2/2022,265,99,263,31,8,79,256,1001,161,54,10,26
1/3/2022,265,97,252,31,11,83,279,1017,159,45,10,27
1/4/2022,265,96,245,28,10,62,295,1002,158,41,5,28
1/5/2022,248,99,266,30,9,16,311,978,161,42,22,28
1/6/2022,247,96,246,29,7,5,307,937,159,39,6,28
1/7/2022,264,95,251,29,8,28,306,980,161,41,6,29
1/8/2022,263,97,244,27,6,36,284,957,158,39,5,28
1/9/2022,264,97,242,27,6,32,284,952,158,38,5,28
1/10/2022,265,95,260,27,8,33,327,1015,158,44,5,35
1/11/2022,263,94,252,30,8,20,349,1016,158,39,5,33
1/12/2022,265,95,268,30,8,22,343,1031,158,53,5,37
1/13/2022,254,85,258,30,8,23,353,1011,158,49,5,35
1/14/2022,258,93,256,30,9,18,351,1015,158,42,5,40
1/15/2022,251,96,252,31,6,18,334,987,158,40,5,38
1/16/2022,251,97,251,31,6,17,338,991,158,39,5,37
1/17/2022,249,96,259,30,10,15,370,1029,161,40,5,42
1/18/2022,224,90,250,30,8,9,397,1008,158,37,5,39
1/19/2022,256,84,250,31,7,17,386,1030,158,36,5,41
1/20/2022,260,88,250,30,7,12,359,1006,158,36,5,40
1/21/2022,259,90,256,30,7,17,338,997,158,43,5,39
1/22/2022,263,97,249,30,6,18,325,986,158,36,5,38
1/23/2022,260,98,243,29,4,20,320,974,158,34,5,36
1/24/2022,259,94,267,30,10,18,384,1060,158,52,5,42
1/25/2022,262,92,276,29,8,15,405,1087,161,55,5,41
1/26/2022,263,90,295,24,8,13,399,1091,161,76,5,42
1/27/2022,254,96,290,24,8,23,405,1099,161,71,5,41
1/28/2022,255,95,277,24,7,14,362,1034,161,59,5,41
1/29/2022,260,95,271,24,5,14,340,1009,161,55,5,39
1/30/2022,259,97,268,24,5,12,340,1006,161,54,5,37
1/31/2022,265,96,280,24,8,11,350,1034,161,60,9,37
2/1/2022,265,95,342,28,8,35,323,1096,170,94,26,45
2/2/2022,265,92,322,28,8,40,346,1101,170,77,26,41
2/3/2022,264,92,310,28,8,47,354,1103,171,68,23,41
2/4/2022,264,93,317,29,5,48,352,1107,170,68,23,41
2/5/2022,265,98,322,26,1,42,305,1059,171,75,24,41
2/6/2022,265,99,314,26,0,45,297,1046,171,77,24,41
2/7/2022,264,99,321,28,0,36,325,1072,171,84,24,40
2/8/2022,266,97,300,28,0,48,333,1070,170,71,16,41
2/9/2022,267,98,302,27,0,42,341,1077,171,64,25,40
2/10/2022,265,98,287,29,0,35,352,1066,167,44,22,40
2/11/2022,260,98,271,28,0,32,344,1034,166,40,24,38
2/12/2022,266,98,271,28,0,27,325,1016,166,40,23,38
2/13/2022,265,99,272,30,0,34,296,995,166,40,23,38
2/14/2022,264,98,287,30,0,31,325,1033,167,50,23,41
2/15/2022,264,97,308,33,0,30,330,1062,171,59,23,41
2/16/2022,264,96,267,32,0,27,325,1011,160,40,23,43
2/17/2022,256,96,261,33,5,31,345,1027,160,37,22,41
2/18/2022,245,97,265,32,8,24,349,1021,165,37,23,38
2/19/2022,246,97,266,32,6,24,284,956,160,34,23,37
2/20/2022,257,98,269,32,6,25,272,961,160,35,23,37
2/21/2022,259,97,270,33,8,28,291,985,160,39,23,37
2/22/2022,258,97,276,32,7,32,292,995,165,39,23,38
2/23/2022,261,96,298,32,7,31,303,1028,171,49,23,39
2/24/2022,261,96,334,32,7,32,296,1057,170,75,23,45
2/25/2022,260,96,372,32,7,33,288,1089,170,103,27,48
2/26/2022,260,97,393,32,6,53,282,1122,171,108,40,49
2/27/2022,260,96,382,32,6,59,281,1117,170,107,31,48
2/28/2022,261,95,381,32,8,53,319,1148,170,104,31,50
3/1/2022,261,93,390,32,6,48,330,1162,170,99,48,51
3/2/2022,263,94,368,32,8,41,328,1133,171,99,49,42
3/3/2022,215,94,366,33,8,43,327,1084,166,99,53,41
3/4/2022,260,94,372,32,7,41,320,1127,175,99,50,41
3/5/2022,251,95,374,32,4,35,307,1099,172,100,52,41
3/6/2022,255,97,370,32,3,34,297,1087,170,99,50,41
3/7/2022,257,93,373,32,6,27,346,1133,171,99,51,42
3/8/2022,259,96,372,32,4,41,369,1174,170,99,51,42
3/9/2022,259,96,373,32,2,48,365,1175,171,100,50,42
3/10/2022,259,96,373,33,2,42,347,1151,170,99,52,42
3/11/2022,263,96,375,33,2,53,361,1183,171,99,54,42
3/12/2022,261,97,372,33,2,48,324,1136,170,99,52,42
3/13/2022,262,98,369,33,2,39,311,1114,170,99,52,42
3/14/2022,259,97,371,33,1,43,314,1119,171,99,52,41
3/15/2022,253,97,341,35,1,40,342,1108,170,93,27,41
3/16/2022,247,96,314,36,3,41,360,1097,157,84,23,41
3/17/2022,259,97,301,36,5,51,340,1088,146,83,22,41
3/18/2022,265,96,304,34,9,60,359,1127,133,96,23,41
3/19/2022,265,97,319,32,5,69,334,1120,134,95,23,41
3/20/2022,265,97,318,32,5,67,326,1111,134,95,23,41
3/21/2022,266,96,329,32,8,50,358,1139,141,98,23,41
3/22/2022,262,96,342,32,9,69,354,1164,153,99,24,41
3/23/2022,262,95,339,33,8,64,356,1156,152,96,24,41
3/24/2022,266,96,348,33,8,75,353,1177,163,94,23,41
3/25/2022,266,97,353,32,8,74,349,1180,171,94,23,40
3/26/2022,254,82,347,31,5,54,311,1083,163,98,22,38
3/27/2022,266,82,354,32,5,52,305,1096,171,99,23,35
3/28/2022,264,94,358,32,7,45,355,1155,171,99,23,39
3/29/2022,266,95,365,32,9,35,372,1173,171,99,25,40
3/30/2022,265,96,382,32,9,42,341,1167,171,98,38,40
3/31/2022,265,98,382,32,10,55,340,1182,170,99,41,39
4/1/2022,261,96,341,32,13,77,332,1151,170,104,22,33
4/2/2022,265,96,349,32,10,93,317,1163,171,105,30,32
4/3/2022,265,96,353,32,10,94,327,1175,171,105,33,34
4/4/2022,266,95,356,32,13,88,368,1218,171,105,33,38
4/5/2022,268,96,353,32,13,92,377,1230,171,105,29,38
4/6/2022,269,96,347,32,11,92,370,1216,171,105,28,34
4/7/2022,268,97,337,36,9,95,351,1192,170,101,25,31
4/8/2022,270,98,315,36,8,96,337,1159,170,87,19,30
4/9/2022,269,98,302,36,4,99,342,1150,171,75,19,29
4/10/2022,269,94,303,36,5,92,329,1128,170,76,19,29
4/11/2022,269,92,327,33,9,93,343,1166,171,91,19,37
4/12/2022,269,96,305,33,9,103,363,1177,171,69,19,37
4/13/2022,268,95,295,33,9,100,368,1169,170,61,19,36
4/14/2022,269,95,306,33,7,98,334,1143,171,76,19,32
4/15/2022,269,95,294,36,9,99,336,1137,170,65,20,31
4/16/2022,267,93,278,36,6,94,322,1095,171,51,19,28
4/17/2022,267,94,278,36,6,94,334,1109,170,51,19,29
4/18/2022,266,94,280,36,8,96,348,1127,171,51,19,31
4/19/2022,268,95,279,31,7,101,348,1130,170,50,20,32
4/20/2022,267,95,282,33,10,98,352,1135,171,51,20,33
4/21/2022,266,95,282,36,10,94,362,1144,171,52,19,33
4/22/2022,258,95,279,36,11,92,368,1139,170,53,19,29
4/23/2022,262,93,263,36,7,90,343,1095,169,43,15,29
4/24/2022,266,94,266,36,7,87,347,1102,171,47,12,28
4/25/2022,250,94,282,36,9,62,397,1130,171,64,10,29
4/26/2022,254,93,279,35,9,73,417,1160,171,50,21,30
4/27/2022,247,94,259,34,8,55,404,1100,168,59,1,23
4/28/2022,266,93,258,36,10,69,398,1130,168,58,0,24
4/29/2022,265,93,258,34,10,72,383,1116,168,60,0,23
4/30/2022,265,92,263,37,7,68,374,1106,168,65,0,23
5/1/2022,265,92,297,36,7,70,357,1124,168,90,0,30
5/2/2022,265,93,326,35,9,80,359,1166,171,97,18,32
5/3/2022,265,93,325,36,9,89,375,1192,170,97,18,31
5/4/2022,265,94,330,36,9,87,373,1193,171,96,18,34
5/5/2022,268,94,334,35,10,90,368,1197,170,97,18,38
5/6/2022,269,96,334,35,9,91,358,1191,171,97,19,37
5/7/2022,265,96,302,35,5,91,339,1133,171,86,0,37
5/8/2022,265,95,312,27,5,86,337,1127,171,96,0,36
5/9/2022,269,98,322,25,9,85,359,1166,171,97,9,36
5/10/2022,269,99,301,28,9,85,331,1121,170,86,2,34
5/11/2022,268,98,281,33,8,87,332,1107,170,71,,30
5/12/2022,269,97,268,35,9,93,338,1110,170,61,,28
5/13/2022,269,97,273,36,9,92,371,1148,171,60,,34
5/14/2022,269,96,277,37,6,96,346,1128,171,64,,34
5/15/2022,269,98,277,34,6,94,327,1105,171,64,,33
5/16/2022,268,93,265,34,9,94,347,1110,171,54,,31
5/17/2022,269,78,255,34,9,94,363,1102,171,47,,29
5/18/2022,244,77,259,30,8,91,346,1055,170,52,,29
5/19/2022,269,78,266,32,9,90,360,1103,171,61,,25
5/20/2022,265,92,261,32,8,91,357,1106,171,61,,21
5/21/2022,256,87,240,34,6,92,343,1058,171,42,,22
5/22/2022,262,84,238,33,6,92,346,1061,171,41,,21
5/23/2022,262,85,237,35,9,99,367,1092,171,41,,23
5/24/2022,261,91,238,36,9,98,369,1102,171,44,,22
5/25/2022,262,86,238,35,9,91,369,1089,171,43,,23
5/26/2022,260,85,240,35,8,93,355,1076,171,43,,24
5/27/2022,261,86,238,36,6,96,350,1072,168,45,,23
5/28/2022,259,86,237,36,7,96,325,1045,171,43,,22
5/29/2022,263,86,237,36,6,93,324,1045,170,43,,21
5/30/2022,264,84,239,34,8,97,360,1086,171,43,,23
5/31/2022,264,84,219,35,8,98,366,1073,153,41,,23
6/1/2022,268,91,233,34,8,97,348,1078,170,39,,21
6/2/2022,266,76,234,35,8,94,355,1068,169,41,,22
6/3/2022,268,73,229,35,8,96,354,1062,167,40,,20
6/4/2022,267,75,223,36,6,94,331,1030,155,40,,24
6/5/2022,267,75,226,35,6,95,315,1019,155,40,,26
6/6/2022,268,78,226,35,8,96,317,1028,158,40,,24
6/7/2022,261,90,218,35,7,95,322,1027,154,39,,22
6/8/2022,157,91,217,35,7,92,338,937,151,42,,22
6/9/2022,187,94,215,35,7,66,324,926,145,42,,24
6/10/2022,210,95,214,33,7,46,337,942,146,40,,24
6/11/2022,265,90,211,35,5,75,317,998,142,41,,24
6/12/2022,266,88,212,35,7,85,306,1000,145,41,,22
6/13/2022,251,92,183,35,8,96,345,1010,117,40,,22
6/14/2022,266,92,170,35,9,95,355,1022,102,41,,23
6/15/2022,267,91,167,35,9,95,385,1048,96,40,,27
6/16/2022,267,90,147,35,9,93,385,1027,70,40,,29
6/17/2022,268,91,148,33,9,89,362,1000,68,40,,32
6/18/2022,267,93,146,33,5,91,315,950,68,40,,30
6/19/2022,267,92,148,33,5,88,291,926,68,40,,32
6/20/2022,267,103,152,33,6,95,341,997,68,39,,34
6/21/2022,267,103,118,36,6,96,385,1011,68,41,,0
6/22/2022,267,96,116,35,6,94,359,972,68,40,,0
6/23/2022,267,97,116,32,6,94,369,981,68,40,,0
6/24/2022,267,97,116,32,6,91,320,930,68,40,,0
6/25/2022,268,92,117,35,5,86,325,926,68,40,,0
6/26/2022,268,93,116,35,6,86,314,919,68,40,,0
6/27/2022,268,95,133,35,8,90,343,971,68,41,,16
6/28/2022,268,95,151,34,8,89,360,1005,68,40,,34
6/29/2022,268,97,154,34,6,95,336,991,68,41,,35
6/30/2022,269,103,160,36,6,97,342,1011,68,42,,37
7/1/2022,266,94,156,36,6,95,359,1012,68,40,,37
7/2/2022,268,84,151,35,5,92,329,964,68,40,,36
7/3/2022,269,84,151,35,5,92,324,959,68,40,,35
7/4/2022,269,94,153,35,6,97,354,1008,69,40,,36
7/5/2022,268,95,154,35,6,99,357,1015,68,39,,37
7/6/2022,269,93,157,35,6,95,356,1010,68,40,,37
7/7/2022,268,95,150,33,6,100,343,994,68,39,,37
7/8/2022,269,98,149,36,6,91,334,983,68,39,,37
7/9/2022,268,97,149,36,5,96,342,993,69,38,,37
7/10/2022,268,95,147,36,5,95,350,997,68,38,,36
7/11/2022,237,83,89,36,5,94,375,921,6,40,,42
7/12/2022,223,97,87,36,5,88,409,944,0,39,,46
7/13/2022,240,97,87,37,5,94,416,976,0,39,,46
7/14/2022,262,100,88,37,5,96,412,999,0,39,,47
7/15/2022,268,102,87,37,6,96,403,1000,0,38,,46
7/16/2022,268,101,87,37,6,94,393,985,0,39,,46
7/17/2022,268,90,85,36,5,87,376,947,0,38,,45
7/18/2022,268,100,88,36,6,88,396,981,0,39,,46
7/19/2022,266,84,88,37,5,81,390,953,0,40,,46
7/20/2022,259,63,88,34,8,93,398,942,0,39,,46
7/21/2022,259,60,165,37,8,81,407,1016,67,40,,46
7/22/2022,259,60,167,36,9,86,408,1025,68,39,,47
7/23/2022,259,59,165,35,6,79,379,981,68,39,,46
7/24/2022,267,61,164,35,6,74,379,985,68,38,,45
7/25/2022,267,61,162,37,8,82,398,1015,68,38,,45
7/26/2022,267,58,159,38,10,87,398,1017,65,38,,46
7/27/2022,266,78,133,39,9,86,402,1012,36,39,,46
7/28/2022,257,79,130,39,9,87,401,1001,34,39,,46
7/29/2022,262,78,124,39,7,91,374,975,34,38,,47
7/30/2022,255,79,121,34,8,86,336,918,34,38,,46
7/31/2022,255,81,119,34,8,85,335,917,31,38,,45
8/1/2022,261,85,116,32,8,83,369,954,33,38,,41
8/2/2022,267,93,120,35,9,76,370,969,34,37,,43
8/3/2022,266,94,119,35,9,83,358,965,34,37,,43
8/4/2022,267,94,117,36,7,49,362,932,34,38,,40
8/5/2022,267,97,122,36,7,84,329,941,34,37,,42
8/6/2022,266,92,122,35,6,85,311,916,34,37,,41
8/7/2022,267,93,120,36,6,87,303,910,34,37,,39
8/8/2022,267,95,117,36,11,90,340,954,34,37,,36
8/9/2022,266,97,119,36,8,94,335,955,34,37,,37
8/10/2022,266,98,114,35,7,95,332,947,34,37,,37
8/11/2022,267,98,126,35,5,35,353,919,34,42,,43
8/12/2022,262,100,125,35,5,96,316,938,34,37,,48
8/13/2022,246,83,124,29,4,85,313,884,34,37,,47
8/14/2022,248,86,121,25,4,81,285,851,34,37,,45
8/15/2022,248,80,121,25,4,86,307,870,34,37,,45
8/16/2022,251,95,128,25,6,87,322,914,34,42,,47
8/17/2022,258,89,119,25,8,87,324,909,34,37,,44
8/18/2022,261,97,120,25,6,91,305,906,34,36,,45
8/19/2022,266,99,125,25,6,91,317,929,34,42,,45
8/20/2022,267,86,121,26,5,89,322,915,34,37,,46
8/21/2022,266,85,120,26,5,95,295,891,34,36,,45
8/22/2022,266,98,120,26,8,96,303,917,34,37,,46
8/23/2022,262,94,125,25,5,95,337,944,34,43,,44
8/24/2022,262,101,118,26,5,94,341,946,34,37,,44
8/25/2022,266,101,124,26,5,95,325,942,34,43,,44
8/26/2022,261,102,118,26,5,96,311,919,34,37,,44
8/27/2022,257,86,121,29,7,92,306,896,34,37,,46
8/28/2022,260,86,123,28,6,91,295,888,34,37,,48
8/29/2022,253,98,119,31,6,90,318,915,34,37,,45
8/30/2022,261,102,115,31,8,93,350,958,28,38,,45
8/31/2022,266,105,81,30,8,92,358,940,0,37,,40
9/1/2022,264,106,88,30,8,93,349,937,,39,,45
9/2/2022,261,105,87,35,5,83,351,928,,39,,45
9/3/2022,253,87,84,36,5,91,321,878,,38,,42
9/4/2022,251,88,82,36,5,85,304,850,,38,,40
9/5/2022,251,97,77,36,8,82,339,889,,39,,34
9/6/2022,265,100,84,36,5,87,331,908,,38,,40
9/7/2022,193,101,86,36,6,93,358,872,,39,,42
9/8/2022,238,101,84,36,6,91,366,923,,39,,40
9/9/2022,224,99,86,36,6,92,327,870,,39,,41
9/10/2022,228,99,85,36,5,92,292,837,,38,,41
9/11/2022,236,100,86,36,5,93,279,836,,38,,42
9/12/2022,247,103,86,36,6,93,285,856,,38,,43
9/13/2022,244,105,87,35,6,78,296,852,,39,,43
9/14/2022,250,102,90,36,6,80,309,872,,38,,46
9/15/2022,251,108,89,36,6,80,318,889,,39,,45
9/16/2022,253,103,88,36,6,93,333,912,,38,,44
9/17/2022,250,95,80,36,5,93,309,868,,38,,36
9/18/2022,250,94,80,36,5,94,306,865,,38,,36
9/19/2022,260,90,82,36,6,95,334,902,,38,,37
9/20/2022,262,89,86,36,6,95,376,948,,38,,41
9/21/2022,258,86,84,33,6,91,394,952,,38,,40
9/22/2022,252,98,84,34,6,95,389,957,,38,,40
9/23/2022,260,106,82,34,6,93,374,955,,39,,38
9/24/2022,243,118,79,34,5,93,323,894,,39,,35
9/25/2022,248,114,77,34,6,90,315,884,,39,,33
9/26/2022,241,102,79,34,9,89,351,904,,38,,35
9/27/2022,250,108,78,36,9,93,335,907,,39,,33
9/28/2022,262,106,77,36,9,95,320,905,,39,,33
9/29/2022,258,108,80,36,6,91,345,924,,41,,33
9/30/2022,249,111,77,36,6,87,344,909,,40,,31
10/1/2022,260,84,71,36,5,77,333,866,,38,,28
10/2/2022,268,94,70,36,5,84,323,880,,38,,27
10/3/2022,266,109,74,36,7,86,366,943,,38,,31
10/4/2022,267,96,77,36,7,91,381,954,,37,,34
10/5/2022,267,103,73,36,8,91,360,937,,38,,29
10/6/2022,268,104,74,39,10,88,347,929,,38,,30
10/7/2022,267,105,75,38,10,88,367,949,,39,,30
10/8/2022,267,105,73,37,8,79,335,905,,38,,30
10/9/2022,267,105,74,37,6,81,336,906,,38,,30
10/10/2022,267,104,76,37,10,92,391,978,,38,,33
10/11/2022,265,107,81,37,11,85,398,984,,40,,36
10/12/2022,260,107,81,37,8,89,377,959,,40,,35
10/13/2022,265,106,84,37,9,92,376,969,,40,,37
10/14/2022,265,107,82,37,9,96,375,970,,38,,37
10/15/2022,266,91,78,37,6,78,342,898,,38,,34
10/16/2022,266,91,77,37,6,82,321,881,,38,,33
10/17/2022,265,91,76,37,9,90,357,923,,37,,34
10/18/2022,266,89,80,37,12,89,340,914,,38,,36
10/19/2022,263,88,79,37,13,89,320,888,,37,,37
10/20/2022,262,86,79,37,12,91,323,889,,38,,36
10/21/2022,261,78,79,37,12,89,346,902,,37,,36
10/22/2022,262,77,74,37,12,81,311,854,,33,,35
10/23/2022,261,78,69,37,12,78,295,831,,33,,34
10/24/2022,263,78,65,37,14,85,328,870,,31,,34
10/25/2022,264,85,65,34,13,91,333,884,,31,,33
10/26/2022,264,86,60,34,11,91,322,868,,30,,31
10/27/2022,263,77,60,34,11,94,337,875,,28,,32
10/28/2022,252,76,64,36,11,84,332,854,,32,,32
10/29/2022,259,72,60,33,8,82,331,846,,28,,32
10/30/2022,256,72,61,32,8,88,331,848,,29,,32
10/31/2022,260,73,61,38,11,93,323,859,,29,,32
11/1/2022,250,64,56,33,11,56,336,806,,34,,22
11/2/2022,260,74,56,28,13,66,362,859,,32,,23
11/3/2022,253,60,57,32,14,87,377,880,,32,,26
11/4/2022,260,66,58,37,14,97,408,939,,29,,29
11/5/2022,263,68,60,32,11,84,384,902,,28,,27
11/6/2022,262,68,62,32,12,85,357,877,,29,,27
11/7/2022,254,68,67,37,12,90,387,914,,30,,30
11/8/2022,255,70,68,32,13,94,384,916,,31,,30
11/9/2022,255,80,72,37,13,92,409,958,,33,,31
11/10/2022,252,81,75,37,13,90,422,970,,36,,33
11/11/2022,255,81,76,37,12,94,392,945,,38,,31
11/12/2022,252,79,70,37,11,90,363,901,,35,,28
11/13/2022,254,80,69,37,10,91,374,914,,35,,28
11/14/2022,247,80,74,37,13,89,403,943,,38,,30
11/15/2022,249,80,83,35,13,36,378,874,,45,,32
11/16/2022,250,95,87,33,13,38,376,892,,48,,32
11/17/2022,248,101,87,35,13,37,375,897,,48,,31
11/18/2022,254,90,86,36,11,37,385,899,,46,,32
11/19/2022,255,80,90,38,11,33,382,889,,51,,30
11/20/2022,253,80,88,38,9,33,378,879,,51,,28
11/21/2022,257,88,90,37,12,36,398,917,,49,,32
11/22/2022,254,95,91,37,2,38,374,891,,51,,32
11/23/2022,253,94,84,35,4,32,417,919,,49,,28
11/24/2022,249,110,85,35,5,32,423,939,,46,,32
11/25/2022,255,110,88,36,3,33,419,944,,46,,33
11/26/2022,257,98,81,36,2,27,409,909,,40,,33
11/27/2022,257,101,80,36,2,29,410,916,,40,,32
11/28/2022,249,121,87,36,2,39,425,960,,48,,33
11/29/2022,227,121,82,32,3,35,446,947,,42,,34
11/30/2022,225,121,86,36,4,68,456,995,,43,,37
12/1/2022,222,97,100,36,4,72,400,932,,46,,45
12/2/2022,232,95,104,34,10,75,417,966,,47,,48
12/3/2022,231,95,100,39,9,77,420,971,,44,,47
12/4/2022,231,94,100,38,9,77,420,968,,45,,46
12/5/2022,230,101,102,37,11,78,432,991,,48,,46
12/6/2022,219,100,103,37,10,71,436,976,,46,,50
12/7/2022,214,98,103,35,10,50,433,943,,47,,49
12/8/2022,223,100,103,35,10,31,399,901,,47,,50
12/9/2022,229,102,107,38,10,36,401,922,,51,,49
12/10/2022,233,107,94,38,8,42,378,900,,45,,42
12/11/2022,231,109,95,37,8,28,381,889,,45,,43
12/12/2022,248,112,105,36,11,30,381,923,,52,,46
12/13/2022,238,113,107,36,12,40,383,929,,49,,49
12/14/2022,243,114,112,36,11,30,397,943,,53,,50
12/15/2022,242,114,114,36,11,43,425,984,,55,,48
12/16/2022,255,120,110,37,11,50,431,1015,,54,,46
12/17/2022,255,120,90,37,11,66,409,987,,45,,34
12/18/2022,265,121,87,37,11,67,393,981,,45,,32
12/19/2022,268,123,90,37,12,73,385,987,,46,,35
12/20/2022,262,120,84,36,11,73,372,958,,42,,34
12/21/2022,264,120,84,36,11,76,381,971,,41,,36
12/22/2022,258,120,80,36,11,82,373,959,,38,,35
12/23/2022,267,107,80,36,10,73,355,928,,40,,33
12/24/2022,261,97,75,36,9,73,350,899,,39,,30
12/25/2022,269,96,72,36,8,71,344,896,,39,,28
12/26/2022,267,94,76,36,10,74,341,897,,39,,28
12/27/2022,265,94,78,36,10,72,369,924,,39,,30
12/28/2022,271,95,79,36,11,74,366,932,,40,,31
12/29/2022,271,109,76,36,10,75,364,941,,42,,28
12/30/2022,267,110,73,36,11,60,351,909,,40,,28
12/31/2022,261,107,75,36,7,57,342,884,,38,,31
1/1/2023,260,89,69,36,7,52,331,844,,38,,26
1/2/2023,257,80,68,36,9,56,372,878,,38,,25
1/3/2023,267,80,69,36,9,65,386,913,,38,,26
1/4/2023,265,83,66,36,9,64,382,905,,34,,26
1/5/2023,267,75,66,34,3,73,357,876,,34,,26
1/6/2023,275,79,66,34,1,73,354,882,,31,,27
1/7/2023,267,80,64,34,4,51,344,845,,31,,24
1/8/2023,266,79,65,34,4,50,336,834,,31,,25
1/9/2023,268,82,66,34,9,57,366,881,,31,,26
1/10/2023,270,74,67,34,9,64,371,888,,31,,27
1/11/2023,271,72,68,33,9,64,381,898,,31,,29
1/12/2023,273,73,68,33,9,57,376,888,,31,,29
1/13/2023,269,71,67,31,9,54,368,869,,31,,29
1/14/2023,261,72,65,31,7,32,336,804,,31,,26
1/15/2023,258,72,63,31,7,31,328,789,,31,,25
1/16/2023,255,74,65,33,8,39,356,829,,31,,26
1/17/2023,263,74,61,33,8,47,366,852,,28,,25
1/18/2023,255,80,60,34,6,60,375,870,,29,,24
1/19/2023,256,79,52,33,6,48,366,842,,20,,24
1/20/2023,252,77,56,33,9,50,383,861,,21,,27
1/21/2023,258,70,54,37,6,45,352,823,,19,,26
1/22/2023,251,71,54,37,5,39,336,793,,20,,25
1/23/2023,245,65,56,37,7,43,378,831,,20,,26
1/24/2023,255,63,57,34,7,41,392,849,,20,,27
1/25/2023,257,59,57,34,7,56,389,860,,20,,28
1/26/2023,245,58,58,34,10,56,385,845,,20,,29
1/27/2023,239,58,59,34,9,36,362,797,,22,,30
1/28/2023,248,56,56,34,8,35,342,777,,19,,28
1/29/2023,251,59,54,34,3,39,342,782,,20,,26
1/30/2023,255,60,55,34,7,59,380,851,,19,,28
1/31/2023,266,60,55,34,7,61,370,853,,19,,27
2/1/2023,259,78,63,35,8,47,374,863,,25,,31
2/2/2023,265,89,67,34,8,49,371,883,,25,,34
2/3/2023,268,93,68,34,8,50,371,892,,26,,34
2/4/2023,264,90,66,34,6,42,338,839,,25,,33
2/5/2023,259,90,67,34,6,42,342,841,,25,,35
2/6/2023,223,94,73,36,7,52,358,842,,25,,40
2/7/2023,263,94,75,35,7,58,399,931,,25,,42
2/8/2023,263,93,77,35,7,66,398,940,,26,,43
2/9/2023,267,94,77,34,11,68,393,943,,26,,42
2/10/2023,242,94,77,34,10,61,387,905,,26,,42
2/11/2023,260,78,74,35,6,49,358,859,,26,,39
2/12/2023,270,78,69,35,6,43,350,851,,26,,34
2/13/2023,270,94,71,34,7,56,376,908,,26,,36
2/14/2023,267,84,70,34,7,61,374,898,,26,,36
2/15/2023,269,80,77,33,7,65,368,899,,31,,37
2/16/2023,263,95,77,33,6,63,378,914,,31,,38
2/17/2023,267,84,74,33,7,63,355,883,,31,,35
2/18/2023,258,80,72,30,6,59,345,850,,35,,29
2/19/2023,268,66,68,33,6,62,332,835,,35,,25
2/20/2023,273,74,70,30,3,66,357,873,,35,,27
2/21/2023,263,76,72,31,4,68,373,887,,36,,27
2/22/2023,257,76,73,32,5,68,391,903,,38,,25
2/23/2023,256,79,72,32,7,51,405,902,,37,,24
2/24/2023,260,80,71,33,9,53,422,927,,37,,24
2/25/2023,243,78,68,33,8,43,405,878,,34,,25
2/26/2023,266,77,70,33,8,44,382,879,,35,,26
2/27/2023,267,82,73,34,8,59,404,928,,37,,27
2/28/2023,264,93,78,34,8,59,427,962,,38,,32
3/1/2023,262,74,83,36,12,54,447,967,,38,,37
3/2/2023,267,83,82,36,10,38,459,974,,38,,35
3/3/2023,261,68,81,36,12,27,447,932,,38,,34
3/4/2023,267,51,76,36,6,22,424,882,,36,,31
3/5/2023,266,51,77,36,6,21,416,872,,35,,31
3/6/2023,267,70,79,36,7,24,372,856,,37,,32
3/7/2023,264,83,79,36,11,22,299,794,,38,,32
3/8/2023,256,85,78,35,9,19,277,759,,38,,30
3/9/2023,255,104,77,35,9,21,256,758,,38,,30
3/10/2023,258,107,75,33,11,45,277,805,,38,,28
3/11/2023,264,94,69,36,7,44,270,784,,35,,25
3/12/2023,270,93,71,36,11,42,277,800,,36,,26
3/13/2023,267,101,73,36,13,54,299,842,,37,,27
3/14/2023,262,104,73,36,12,50,311,847,,38,,27
3/15/2023,262,96,79,36,8,54,315,850,,38,,33
3/16/2023,259,95,79,36,8,71,303,850,,39,,33
3/17/2023,252,94,78,36,10,76,333,879,,38,,31
3/18/2023,269,93,71,36,7,57,334,867,,35,,28
3/19/2023,256,93,72,36,7,68,335,866,,35,,29
3/20/2023,262,92,76,36,10,78,351,905,,37,,29
3/21/2023,271,91,71,35,10,77,355,910,,38,,26
3/22/2023,273,92,72,36,10,74,338,895,,38,,28
3/23/2023,265,92,74,36,10,72,304,852,,38,,29
3/24/2023,270,91,71,36,4,71,359,901,,38,,26
3/25/2023,260,91,62,35,4,53,336,840,,33,,24
3/26/2023,268,91,63,35,4,61,321,843,,34,,23
3/27/2023,270,91,71,35,11,70,349,897,,36,,27
3/28/2023,270,91,74,36,11,76,319,877,,39,,28
3/29/2023,223,91,70,8,10,74,343,819,,39,,30
3/30/2023,272,89,73,36,10,71,355,905,,38,,27
3/31/2023,273,89,69,36,10,69,334,880,,38,,24
4/1/2023,271,97,68,35,9,90,316,887,,34,,28
4/2/2023,271,98,69,33,9,92,338,910,,34,,29
4/3/2023,268,103,73,36,9,94,383,965,,36,,30
4/4/2023,274,114,81,36,9,95,376,984,,38,,36
4/5/2023,273,116,85,37,10,99,389,1009,,38,,40
4/6/2023,273,116,89,36,11,98,337,958,,38,,43
4/7/2023,273,104,81,35,13,94,371,971,,34,,41
4/8/2023,250,101,78,35,10,89,367,930,,34,,38
4/9/2023,264,101,75,35,8,87,360,931,,34,,36
4/10/2023,269,105,74,35,7,88,344,921,,34,,35
4/11/2023,272,104,77,35,9,92,366,955,,36,,36
4/12/2023,271,105,85,36,7,91,373,968,,38,,43
4/13/2023,272,110,85,35,6,97,330,937,,38,,44
4/14/2023,272,110,81,35,8,97,384,987,,38,,39
4/15/2023,274,106,75,35,8,92,385,974,,35,,36
4/16/2023,275,108,75,35,7,94,392,986,,35,,36
4/17/2023,267,112,80,36,10,95,414,1012,,37,,39
4/18/2023,269,115,87,36,9,93,418,1027,,38,,44
4/19/2023,259,113,88,36,9,79,456,1040,,38,,45
4/20/2023,266,113,87,34,8,89,466,1063,,38,,44
4/21/2023,265,113,83,36,8,86,452,1043,,38,,41
4/22/2023,271,113,72,36,6,78,421,997,,35,,33
4/23/2023,272,112,71,36,6,73,414,984,,35,,32
4/24/2023,276,113,75,36,10,79,453,1041,,37,,33
4/25/2023,270,111,72,36,10,85,445,1027,,37,,31
4/26/2023,273,111,73,33,10,83,445,1027,,37,,30
4/27/2023,271,112,75,33,10,86,447,1034,,38,,31
4/28/2023,267,113,74,33,6,94,446,1033,,38,,31
4/29/2023,264,111,65,32,10,88,419,989,,34,,26
4/30/2023,265,113,65,32,10,84,422,990,,34,,25
5/1/2023,265,112,66,32,0,86,401,962,,34,,27
5/2/2023,269,97,71,34,0,83,420,973,,37,,29
5/3/2023,273,96,73,36,0,91,400,968,,38,,30
5/4/2023,271,96,73,31,0,91,414,975,,38,,29
5/5/2023,232,96,72,32,0,94,434,961,,38,,29
5/6/2023,251,95,68,32,0,88,390,926,,37,,25
5/7/2023,262,95,68,32,0,87,375,919,,37,,25
5/8/2023,260,95,71,32,0,88,386,933,,37,,29
5/9/2023,264,96,65,32,0,92,364,914,,30,,30
5/10/2023,264,115,72,33,0,85,357,925,,38,,29
5/11/2023,265,116,72,33,0,91,356,932,,38,,30
5/12/2023,264,94,70,33,0,86,398,944,,39,,28
5/13/2023,269,112,67,33,2,82,401,966,,38,,25
5/14/2023,271,113,66,33,1,80,393,956,,38,,23
5/15/2023,255,94,66,33,3,90,404,945,,38,,25
5/16/2023,246,112,69,29,3,95,368,921,,39,,25
5/17/2023,260,115,69,32,11,89,406,981,,39,,25
5/18/2023,258,90,69,32,22,84,406,960,,39,,26
5/19/2023,227,87,68,32,16,90,413,933,,39,,25
5/20/2023,222,86,64,32,17,91,390,901,,39,,21
5/21/2023,221,82,64,32,19,90,395,902,,39,,22
5/22/2023,222,59,59,32,17,93,377,859,,38,,20
5/23/2023,221,57,63,32,17,92,389,871,,38,,20
5/24/2023,219,58,64,32,17,94,399,882,,39,,20
5/25/2023,223,56,60,32,17,89,394,871,,39,,20
5/26/2023,224,57,63,34,17,90,393,878,,39,,20
5/27/2023,222,57,63,34,14,76,408,873,,39,,19
5/28/2023,220,57,62,33,18,70,404,863,,39,,19
5/29/2023,217,56,62,32,13,78,420,878,,39,,19
5/30/2023,218,56,62,32,15,81,397,861,,38,,19
5/31/2023,217,55,62,32,12,83,384,844,,39,,19
6/1/2023,206,98,67,32,14,66,385,868,,38,,25
6/2/2023,218,97,28,32,12,60,373,819,,0,,24
6/3/2023,220,96,65,32,9,56,345,823,,39,,23
6/4/2023,223,96,62,32,9,51,354,827,,38,,20
6/5/2023,227,91,42,32,8,58,386,844,,38,,0
6/6/2023,220,89,43,32,7,44,385,820,,39,,0
6/7/2023,217,89,42,32,7,33,385,805,,39,,0
6/8/2023,218,91,24,32,7,46,384,801,,19,,0
6/9/2023,216,91,38,32,7,52,388,824,,35,,0
6/10/2023,221,91,42,32,7,40,384,817,,39,,0
6/11/2023,227,89,44,32,7,33,390,822,,40,,0
6/12/2023,243,91,67,32,5,32,428,897,,40,,23
6/13/2023,246,90,32,32,5,30,428,864,,0,,29
6/14/2023,249,90,60,30,7,21,427,884,,28,,29
6/15/2023,238,93,38,32,7,25,426,860,,0,,34
6/16/2023,241,71,82,32,6,21,461,915,,39,,40
6/17/2023,206,72,79,32,5,20,420,834,,37,,38
6/18/2023,243,79,77,32,5,16,421,873,,37,,36
6/19/2023,231,76,75,32,6,22,442,884,,35,,36
6/20/2023,230,82,80,32,7,29,404,864,,39,,38
6/21/2023,209,76,81,32,5,28,403,835,,39,,39
6/22/2023,212,86,81,33,6,30,369,815,,39,,38
6/23/2023,219,80,80,33,7,26,387,833,,39,,37
6/24/2023,232,75,77,33,7,28,374,825,,39,,34
6/25/2023,235,75,77,33,7,28,373,829,,39,,35
6/26/2023,226,78,82,33,7,36,380,843,,39,,37
6/27/2023,229,79,81,35,8,31,375,838,,39,,37
6/28/2023,230,90,81,36,7,48,381,874,,39,,37
6/29/2023,223,90,81,36,6,48,367,851,,39,,37
6/30/2023,227,89,84,36,7,50,360,854,,39,,39
7/1/2023,226,99,83,37,7,37,351,840,,38,,39
7/2/2023,227,97,80,37,6,36,351,835,,38,,36
7/3/2023,240,99,85,36,8,40,382,889,,38,,41
7/4/2023,245,99,90,33,5,37,393,902,,40,,45
7/5/2023,251,98,86,33,5,37,475,985,,40,,40
7/6/2023,247,97,88,33,5,36,432,937,,38,,44
7/7/2023,247,95,89,33,6,42,413,925,,38,,45
7/8/2023,255,94,85,33,7,27,398,899,,35,,43
7/9/2023,256,91,80,33,4,31,395,890,,35,,40
7/10/2023,256,93,80,33,9,34,438,942,,35,,45
7/11/2023,258,97,89,32,6,34,419,936,,38,,48
7/12/2023,259,97,92,33,5,30,442,958,,40,,48
7/13/2023,254,97,88,33,5,32,439,948,,36,,48
7/14/2023,249,98,94,33,5,40,402,922,,39,,51
7/15/2023,264,98,85,31,7,44,366,894,,32,,48
7/16/2023,267,96,73,31,3,50,370,890,,32,,36
7/17/2023,267,98,81,33,7,61,427,974,,34,,44
7/18/2023,269,94,80,33,6,70,435,986,,38,,39
7/19/2023,262,94,87,33,6,64,435,981,,37,,47
7/20/2023,267,92,87,32,7,64,419,968,,36,,47
7/21/2023,266,87,88,33,7,49,428,957,,35,,49
7/22/2023,267,86,82,32,3,61,356,887,,30,,48
7/23/2023,267,83,80,32,3,62,339,866,,30,,47
7/24/2023,271,88,82,32,5,58,393,930,,33,,47
7/25/2023,272,87,89,33,5,61,366,914,,38,,49
7/26/2023,271,91,84,33,5,64,382,929,,35,,47
7/27/2023,265,95,84,33,5,67,365,914,,34,,48
7/28/2023,265,92,80,32,5,61,364,900,,30,,48
7/29/2023,266,88,80,32,5,68,351,891,,28,,46
7/30/2023,265,87,80,32,2,56,365,887,,28,,46
7/31/2023,266,92,80,32,5,65,324,865,,28,,46
8/1/2023,264,94,89,32,2,53,316,851,,32,,51
8/2/2023,260,94,90,32,2,61,307,846,,33,,51
8/3/2023,264,92,90,32,2,49,305,834,,33,,51
8/4/2023,266,96,95,32,2,32,305,828,,37,,52
8/5/2023,267,90,90,32,2,37,280,799,,36,,50
8/6/2023,268,90,88,32,2,34,269,783,,36,,48
8/7/2023,269,97,88,32,3,37,313,839,,35,,49
8/8/2023,272,97,87,32,3,57,325,873,,34,,48
8/9/2023,270,97,88,32,3,62,316,868,,35,,49
8/10/2023,271,97,92,32,2,57,300,852,,38,,50
8/11/2023,270,97,92,33,7,62,296,855,,38,,49
8/12/2023,268,88,85,32,5,52,279,811,,36,,45
8/13/2023,269,88,83,32,5,50,284,811,,36,,43
8/14/2023,267,93,85,32,6,46,299,828,,36,,45
8/15/2023,266,89,87,32,4,40,288,807,,35,,48
8/16/2023,271,96,94,32,4,55,309,862,,38,,52
8/17/2023,270,96,92,32,5,58,314,868,,37,,50
8/18/2023,271,96,89,32,5,66,298,858,,36,,49
8/19/2023,271,90,83,32,4,43,272,795,,33,,45
8/20/2023,269,91,84,32,4,52,263,794,,33,,46
8/21/2023,268,95,90,32,5,42,319,852,,35,,50
8/22/2023,270,96,94,32,8,29,324,854,,38,,51
8/23/2023,271,97,98,33,8,27,338,870,,38,,55
8/24/2023,257,96,95,34,9,23,339,852,,38,,53
8/25/2023,231,96,93,32,8,18,375,852,,37,,52
8/26/2023,180,87,92,32,4,16,323,733,,36,,51
8/27/2023,179,86,91,32,4,16,316,724,,36,,51
8/28/2023,173,95,90,34,8,26,341,767,,37,,49
8/29/2023,150,99,91,33,5,31,341,751,,39,,47
8/30/2023,175,100,99,33,5,27,333,772,,40,,54
8/31/2023,175,100,100,33,5,25,349,787,,40,,56
9/1/2023,163,110,88,32,5,22,370,791,,33,,49
9/2/2023,129,105,80,32,4,26,338,713,,33,,43
9/3/2023,121,102,80,32,4,22,334,695,,32,,43
9/4/2023,122,109,80,34,5,21,358,729,,32,,46
9/5/2023,130,100,81,32,8,15,372,738,,32,,47
9/6/2023,130,99,85,33,10,18,345,720,,34,,49
9/7/2023,114,99,84,32,10,18,354,710,,32,,50
9/8/2023,127,99,83,34,10,22,342,716,,32,,48
9/9/2023,122,90,80,32,10,26,278,637,,33,,45
9/10/2023,119,83,80,37,10,27,267,623,,33,,45
9/11/2023,127,85,85,37,9,37,317,696,,34,,49
9/12/2023,132,83,87,37,8,36,322,705,,36,,49
9/13/2023,136,94,88,37,9,31,311,704,,36,,50
9/14/2023,142,94,90,33,6,29,334,728,,35,,53
9/15/2023,146,110,89,34,6,27,308,720,,34,,53
9/16/2023,151,106,82,34,5,24,242,646,,33,,48
9/17/2023,155,106,81,34,5,26,235,642,,33,,46
9/18/2023,171,110,84,33,7,23,285,713,,34,,48
9/19/2023,159,109,78,36,5,26,304,718,,35,,41
9/20/2023,138,110,77,33,5,41,299,703,,34,,41
9/21/2023,195,111,82,33,4,27,289,741,,35,,44
9/22/2023,224,112,94,33,4,18,285,771,,36,,54
9/23/2023,216,108,91,35,3,16,250,718,,36,,51
9/24/2023,209,109,89,35,3,15,267,726,,36,,49
9/25/2023,235,113,92,35,5,25,285,789,,36,,52
9/26/2023,223,113,94,35,5,25,308,803,,38,,52
9/27/2023,192,113,98,35,5,38,311,791,,39,,55
9/28/2023,212,111,96,35,8,40,283,783,,36,,55
9/29/2023,225,111,98,36,8,26,294,796,,39,,54
9/30/2023,235,110,90,34,4,20,282,774,,36,,50
10/1/2023,225,83,76,34,9,14,287,728,,33,,38
10/2/2023,226,92,82,34,5,30,312,781,,37,,39
10/3/2023,228,92,83,34,8,26,297,768,,38,,39
10/4/2023,245,92,76,34,6,24,318,795,,29,,40
10/5/2023,254,92,80,34,5,32,291,788,,31,,42
10/6/2023,252,91,77,34,8,31,330,822,,30,,39
10/7/2023,254,66,69,37,5,35,260,726,,27,,34
10/8/2023,258,64,74,37,5,37,263,739,,27,,39
10/9/2023,261,81,77,38,10,42,351,860,,27,,43
10/10/2023,261,83,91,39,10,42,372,897,,38,,46
10/11/2023,259,88,91,32,5,40,355,869,,38,,46
10/12/2023,267,99,95,32,3,25,337,859,,39,,49
10/13/2023,268,99,93,34,6,30,321,852,,39,,47
10/14/2023,266,87,94,39,6,19,288,799,,39,,46
10/15/2023,264,87,96,39,6,23,295,810,,39,,47
10/16/2023,267,110,101,39,9,22,354,901,,39,,53
10/17/2023,216,112,102,39,9,41,333,850,,40,,53
10/18/2023,263,111,106,39,11,43,325,897,,40,,55
10/19/2023,252,113,104,39,8,44,307,867,,39,,55
10/20/2023,262,103,103,38,6,44,303,858,,39,,54
10/21/2023,252,77,93,38,4,38,306,807,,38,,45
10/22/2023,252,75,94,38,7,33,325,823,,38,,46
10/23/2023,256,96,100,38,7,46,380,923,,39,,51
10/24/2023,253,104,99,38,3,48,370,913,,39,,51
10/25/2023,257,105,102,38,5,46,345,898,,40,,55
10/26/2023,255,109,101,38,5,43,363,914,,40,,53
10/27/2023,257,97,100,38,7,41,354,893,,41,,51
10/28/2023,256,80,92,39,4,35,351,856,,37,,47
10/29/2023,242,79,90,39,7,29,343,830,,37,,44
10/30/2023,248,103,98,39,7,25,364,884,,40,,49
10/31/2023,218,105,96,39,8,20,357,843,,40,,48
11/1/2023,249,81,85,38,5,30,358,846,,38,,38
11/2/2023,258,77,72,37,8,43,338,831,,29,,35
11/3/2023,244,75,81,38,6,46,351,841,,34,,39
11/4/2023,251,79,79,38,6,23,332,808,,36,,36
11/5/2023,266,75,84,38,6,19,329,817,,36,,39
11/6/2023,266,79,87,38,10,30,365,875,,38,,41
11/7/2023,265,79,89,38,11,40,399,920,,41,,41
11/8/2023,267,79,88,37,10,40,403,923,,42,,40
11/9/2023,270,83,90,37,10,43,415,948,,41,,43
11/10/2023,262,85,91,37,9,46,428,958,,41,,43
11/11/2023,246,94,88,37,8,42,421,936,,40,,40
11/12/2023,245,92,88,37,10,42,401,914,,40,,41
11/13/2023,252,89,92,37,12,47,393,922,,38,,46
11/14/2023,253,88,93,37,11,57,375,914,,40,,45
11/15/2023,256,88,94,35,9,60,362,904,,40,,46
11/16/2023,268,88,95,36,11,27,403,927,,41,,46
11/17/2023,266,90,96,35,12,31,421,952,,45,,42
11/18/2023,268,86,90,37,10,15,383,888,,43,,38
11/19/2023,268,85,89,37,8,14,388,890,,42,,38
11/20/2023,268,87,101,37,12,16,412,932,,46,,46
11/21/2023,270,85,105,35,13,21,403,932,,48,,48
11/22/2023,272,86,105,34,12,15,394,916,,50,,45
11/23/2023,273,86,100,36,14,15,375,899,,49,,43
11/24/2023,254,94,103,36,16,22,387,912,,50,,43
11/25/2023,260,87,104,32,11,20,394,908,,47,,47
11/26/2023,269,86,107,37,11,19,420,950,,48,,49
,,,,,,,,,,,,
,,,,,,,,,,,,
